UserID,UserName,Age,Gender,Location,LastLogin,PurchaseAmount,PurchaseCategory,ReviewScore,LoginFrequency
1,User_1,62,Female,Location_1,2023-06-10,0.974813559322034,Clothing,0.009333333333333341,Monthly
2,User_2,65,Female,Location_2,2023-08-14,0.9936223175965666,Electronics,0.257,Weekly
3,User_3,18,Male,Location_3,2023-02-17,0.9965799769850403,Home & Garden,0.009333333333333341,Weekly
4,User_4,21,Female,Location_4,2023-03-14,0.9938847736625515,Books,-0.486,Weekly
5,User_5,21,Male,Location_5,2023-07-26,0.9960531208499336,Home & Garden,-1.972,Monthly
6,User_6,57,Female,Location_6,2023-02-20,0.995275039745628,Books,-0.486,Monthly
7,User_7,27,Female,Location_7,2023-01-27,0.9736991150442479,Home & Garden,-1.972,Weekly
8,User_8,37,Female,Location_8,2023-03-11,0.9727339449541285,Home & Garden,-1.972,Daily
9,User_9,39,Female,Location_9,2023-01-06,0.9929905660377359,Food,-0.486,Weekly
10,User_10,68,Female,Location_10,2023-10-04,0.9961201044386423,Home & Garden,-0.486,Monthly
11,User_11,54,Male,Location_11,2023-03-22,0.9968616684266104,Books,0.257,Daily
12,User_12,41,Male,Location_12,2023-03-23,0.9961302083333333,Food,-0.486,Daily
13,User_13,24,Female,Location_13,2023-11-10,0.9926253101736974,Home & Garden,0.4056,Daily
14,User_14,42,Female,Location_14,2023-03-09,0.9966830357142857,Food,0.009333333333333341,Weekly
15,User_15,42,Male,Location_15,2023-08-16,0.9964192771084338,Home & Garden,0.257,Daily
16,User_16,30,Male,Location_16,2023-06-03,0.9903818770226538,Clothing,-1.972,Daily
17,User_17,19,Female,Location_17,2023-04-03,0.9965401629802095,Food,0.4056,Monthly
18,User_18,56,Female,Location_18,2023-08-26,0.9968912133891213,Books,-0.486,Weekly
19,User_19,57,Female,Location_19,2023-07-18,0.9927512195121951,Clothing,-0.486,Daily
20,User_20,41,Female,Location_20,2023-11-24,0.9598378378378379,Home & Garden,0.4056,Daily
21,User_21,64,Male,Location_21,2023-06-22,0.9963034825870647,Home & Garden,0.009333333333333341,Monthly
22,User_22,42,Male,Location_22,2023-11-14,0.979503448275862,Clothing,0.4056,Monthly
23,User_23,35,Male,Location_23,2023-06-01,0.9933660714285715,Electronics,-1.972,Daily
24,User_24,55,Male,Location_24,2023-11-17,0.9965441860465116,Clothing,0.4056,Daily
25,User_25,43,Male,Location_25,2023-09-01,0.9969170124481328,Books,0.257,Daily
26,User_26,31,Male,Location_26,2023-07-08,0.991284457478006,Home & Garden,0.4056,Daily
27,User_27,26,Female,Location_27,2023-12-10,0.9907987616099072,Food,0.4056,Weekly
28,User_28,27,Female,Location_28,2023-05-15,0.9958022598870057,Electronics,-1.972,Daily
29,User_29,38,Male,Location_29,2023-01-18,0.9969735234215886,Food,-1.972,Weekly
30,User_30,69,Male,Location_30,2023-02-14,0.9893476702508961,Clothing,0.009333333333333341,Weekly
31,User_31,34,Male,Location_31,2023-01-25,0.996961145194274,Home & Garden,-1.972,Daily
32,User_32,69,Male,Location_32,2023-02-13,0.9877190082644628,Books,-1.972,Daily
33,User_33,23,Female,Location_33,2023-11-30,0.9962663316582915,Clothing,-1.972,Monthly
34,User_34,33,Female,Location_34,2023-02-09,0.9808258064516129,Clothing,0.4056,Weekly
35,User_35,65,Male,Location_35,2023-09-21,0.9834888888888889,Food,0.4056,Weekly
36,User_36,18,Male,Location_36,2023-08-03,0.9904129032258066,Food,-1.972,Daily
37,User_37,36,Female,Location_37,2023-09-01,0.9874067796610169,Home & Garden,-0.486,Daily
38,User_38,53,Male,Location_38,2023-10-11,0.9959006896551724,Food,-1.972,Daily
39,User_39,42,Female,Location_39,2023-09-21,0.996564161849711,Electronics,-1.972,Daily
40,User_40,67,Female,Location_40,2023-10-04,0.9964952830188679,Home & Garden,0.009333333333333341,Monthly
41,User_41,69,Male,Location_41,2023-05-08,0.9862407407407408,Books,-1.972,Daily
42,User_42,47,Male,Location_42,2023-10-14,0.9947676056338028,Electronics,-1.972,Monthly
43,User_43,37,Female,Location_43,2023-09-10,0.9948402777777778,Clothing,0.009333333333333341,Daily
44,User_44,37,Female,Location_44,2023-07-30,0.9957542857142857,Food,-1.972,Daily
45,User_45,32,Male,Location_45,2023-01-25,0.9439245283018868,Books,-1.972,Weekly
46,User_46,57,Female,Location_46,2023-12-31,0.9949369676320273,Home & Garden,0.257,Daily
47,User_47,50,Male,Location_47,2023-04-11,0.996979674796748,Food,0.009333333333333341,Weekly
48,User_48,19,Male,Location_48,2023-09-08,0.9919019073569483,Electronics,0.009333333333333341,Weekly
49,User_49,27,Female,Location_49,2023-01-29,0.9890735294117647,Clothing,0.257,Daily
50,User_50,50,Female,Location_50,2023-10-29,0.9773129770992366,Clothing,0.009333333333333341,Monthly
51,User_51,49,Male,Location_51,2023-04-29,0.9839351351351351,Food,-0.486,Weekly
52,User_52,28,Male,Location_52,2023-02-12,0.9836703296703296,Home & Garden,0.4056,Daily
53,User_53,70,Female,Location_53,2023-06-26,0.9962236340533672,Home & Garden,0.4056,Monthly
54,User_54,41,Male,Location_54,2023-11-08,0.9943390476190477,Food,0.009333333333333341,Weekly
55,User_55,53,Male,Location_55,2023-03-15,0.9926253101736974,Food,0.4056,Weekly
56,User_56,29,Male,Location_56,2023-08-28,0.9776541353383458,Food,-1.972,Weekly
57,User_57,68,Female,Location_57,2023-12-13,0.9961201044386423,Books,-1.972,Weekly
58,User_58,46,Female,Location_58,2023-06-18,0.9942514506769826,Food,-0.486,Monthly
59,User_59,52,Female,Location_59,2023-06-03,0.9324545454545454,Books,0.257,Monthly
60,User_60,18,Male,Location_60,2023-08-29,0.9939098360655738,Electronics,0.4056,Daily
61,User_61,18,Female,Location_61,2023-06-25,0.9943173996175909,Food,-0.486,Weekly
62,User_62,54,Female,Location_62,2023-06-19,0.9902236842105264,Food,0.4056,Weekly
63,User_63,23,Male,Location_63,2023-07-16,0.9862407407407408,Home & Garden,-1.972,Weekly
64,User_64,56,Male,Location_64,2023-06-07,0.9969858012170386,Food,-0.486,Weekly
65,User_65,58,Female,Location_65,2023-08-10,0.9965917431192661,Books,-0.486,Weekly
66,User_66,70,Female,Location_66,2023-06-30,0.9933063063063063,Books,0.257,Weekly
67,User_67,35,Female,Location_67,2023-08-21,0.980317880794702,Food,-1.972,Monthly
68,User_68,33,Female,Location_68,2023-09-27,0.9965601851851852,Books,-0.486,Weekly
69,User_69,22,Male,Location_69,2023-03-29,0.9469285714285715,Food,-1.972,Monthly
70,User_70,59,Female,Location_70,2023-08-23,0.996564161849711,Electronics,-1.972,Daily
71,User_71,60,Female,Location_71,2023-02-17,0.9963533742331289,Books,0.009333333333333341,Monthly
72,User_72,49,Male,Location_72,2023-01-18,0.9965878300803674,Books,0.009333333333333341,Daily
73,User_73,19,Male,Location_73,2023-07-16,0.9960843214756259,Books,0.257,Daily
74,User_74,19,Female,Location_74,2023-02-05,0.9960687830687831,Books,-1.972,Monthly
75,User_75,57,Female,Location_75,2023-09-21,0.9916516853932584,Food,0.009333333333333341,Monthly
76,User_76,59,Female,Location_76,2023-10-01,0.9676956521739131,Food,0.4056,Weekly
77,User_77,53,Female,Location_77,2023-09-28,0.9970040322580646,Electronics,-1.972,Weekly
78,User_78,56,Female,Location_78,2023-09-15,0.9943712121212122,Food,-0.486,Daily
79,User_79,29,Male,Location_79,2023-10-02,0.995013422818792,Books,-1.972,Daily
80,User_80,64,Male,Location_80,2023-03-02,0.9931990846681923,Electronics,-0.486,Monthly
81,User_81,36,Female,Location_81,2023-10-22,0.9943173996175909,Clothing,0.257,Daily
82,User_82,45,Male,Location_82,2023-01-08,0.9936359743040686,Home & Garden,0.009333333333333341,Weekly
83,User_83,18,Female,Location_83,2023-11-04,0.9938595041322315,Electronics,0.4056,Monthly
84,User_84,32,Male,Location_84,2023-12-27,0.984021505376344,Home & Garden,0.009333333333333341,Weekly
85,User_85,53,Female,Location_85,2023-10-20,0.9965320886814469,Books,-0.486,Monthly
86,User_86,30,Female,Location_86,2023-01-22,0.9927688564476886,Clothing,0.257,Daily
87,User_87,60,Male,Location_87,2023-08-14,0.9895719298245614,Home & Garden,-0.486,Daily
88,User_88,38,Female,Location_88,2023-05-14,0.9887424242424243,Electronics,0.257,Weekly
89,User_89,29,Female,Location_89,2023-05-21,0.9810700636942674,Food,0.257,Daily
90,User_90,22,Female,Location_90,2023-02-20,0.9964744958481614,Home & Garden,0.4056,Monthly
91,User_91,24,Female,Location_91,2023-06-09,0.9929406175771972,Food,0.4056,Weekly
92,User_92,22,Female,Location_92,2023-12-17,0.9960373333333333,Home & Garden,0.009333333333333341,Weekly
93,User_93,65,Female,Location_93,2023-12-28,0.9968416578108396,Books,0.4056,Daily
94,User_94,70,Male,Location_94,2023-07-05,0.9891927272727273,Food,-0.486,Daily
95,User_95,21,Male,Location_95,2023-10-27,0.9960635761589405,Clothing,-0.486,Monthly
96,User_96,30,Female,Location_96,2023-02-08,0.8707826086956522,Electronics,0.257,Daily
97,User_97,54,Female,Location_97,2023-02-07,0.993351230425056,Clothing,0.009333333333333341,Weekly
98,User_98,70,Male,Location_98,2023-04-15,0.9911547619047619,Home & Garden,0.009333333333333341,Monthly
99,User_99,58,Male,Location_99,2023-11-23,0.9970100603621731,Home & Garden,0.009333333333333341,Weekly
100,User_100,32,Male,Location_0,2023-01-31,0.9962284263959391,Clothing,0.257,Weekly
101,User_101,33,Male,Location_1,2023-01-31,0.9773129770992366,Home & Garden,0.4056,Weekly
102,User_102,38,Female,Location_2,2023-03-10,0.9903818770226538,Books,-1.972,Daily
103,User_103,53,Female,Location_3,2023-08-04,0.9952295345104334,Electronics,-0.486,Monthly
104,User_104,41,Male,Location_4,2023-05-29,0.9925513784461153,Books,0.257,Monthly
105,User_105,33,Male,Location_5,2023-02-17,0.9833033707865169,Food,-0.486,Daily
106,User_106,31,Male,Location_6,2023-03-22,0.9882992125984251,Electronics,0.4056,Daily
107,User_107,39,Male,Location_7,2023-04-11,0.9962522068095839,Electronics,0.4056,Daily
108,User_108,66,Female,Location_8,2023-09-24,0.8761666666666666,Home & Garden,0.257,Daily
109,User_109,67,Male,Location_9,2023-12-06,0.9937954070981211,Food,0.257,Weekly
110,User_110,23,Male,Location_10,2023-01-07,0.7028000000000001,Clothing,-1.972,Weekly
111,User_111,59,Male,Location_11,2023-04-21,0.9901262458471761,Food,0.009333333333333341,Daily
112,User_112,53,Female,Location_12,2023-06-05,0.9951987075928918,Clothing,-1.972,Weekly
113,User_113,18,Female,Location_13,2023-10-21,0.9927156862745099,Food,0.257,Weekly
114,User_114,49,Female,Location_14,2023-04-21,0.9962091836734694,Food,-1.972,Daily
115,User_115,23,Male,Location_15,2023-08-25,0.9951278688524591,Clothing,-0.486,Weekly
116,User_116,48,Female,Location_16,2023-01-11,0.9941953125,Books,0.4056,Daily
117,User_117,18,Female,Location_17,2023-09-09,0.7713846153846154,Home & Garden,0.4056,Monthly
118,User_118,67,Male,Location_18,2023-05-05,0.9911017964071857,Home & Garden,-1.972,Monthly
119,User_119,68,Female,Location_19,2023-07-11,0.9732252252252253,Home & Garden,0.009333333333333341,Daily
120,User_120,54,Male,Location_20,2023-02-24,0.9940321285140563,Clothing,0.257,Weekly
121,User_121,52,Female,Location_21,2023-12-22,0.9965956471935854,Home & Garden,0.4056,Daily
122,User_122,66,Female,Location_22,2023-06-13,0.9968145766345123,Electronics,-1.972,Monthly
123,User_123,47,Male,Location_23,2023-03-27,0.9953270440251573,Food,0.257,Monthly
124,User_124,21,Male,Location_24,2023-01-15,0.9949541595925298,Clothing,0.4056,Daily
125,User_125,52,Female,Location_25,2023-11-19,0.9963399014778326,Clothing,-1.972,Daily
126,User_126,60,Female,Location_26,2023-08-13,0.993167816091954,Electronics,0.257,Daily
127,User_127,31,Male,Location_27,2023-11-07,0.9962427307206069,Food,0.009333333333333341,Weekly
128,User_128,66,Female,Location_28,2023-12-27,0.9967160220994475,Home & Garden,-1.972,Daily
129,User_129,57,Male,Location_29,2023-11-20,0.9758373983739838,Clothing,-1.972,Daily
130,User_130,39,Male,Location_30,2023-09-20,0.9927688564476886,Clothing,-1.972,Weekly
131,User_131,27,Male,Location_31,2023-11-13,0.9920107526881721,Clothing,0.4056,Weekly
132,User_132,18,Female,Location_32,2023-01-09,0.9956927536231884,Clothing,0.009333333333333341,Monthly
133,User_133,28,Female,Location_33,2023-01-08,0.9940914512922465,Clothing,0.009333333333333341,Monthly
134,User_134,68,Female,Location_34,2023-10-18,0.9969673469387755,Clothing,-1.972,Daily
135,User_135,61,Female,Location_35,2023-08-02,0.996357843137255,Electronics,-1.972,Monthly
136,User_136,41,Female,Location_36,2023-01-29,0.9947304964539008,Clothing,0.009333333333333341,Monthly
137,User_137,20,Male,Location_37,2023-12-11,0.9910750750750751,Books,0.257,Weekly
138,User_138,52,Female,Location_38,2023-08-08,0.9898566552901025,Food,-1.972,Weekly
139,User_139,53,Male,Location_39,2023-10-30,0.9969233954451346,Food,0.009333333333333341,Weekly
140,User_140,48,Male,Location_40,2023-01-21,0.9955308270676692,Home & Garden,0.4056,Monthly
141,User_141,21,Female,Location_41,2023-12-03,0.9961099476439791,Clothing,0.009333333333333341,Weekly
142,User_142,36,Male,Location_42,2023-03-14,0.9968382978723405,Clothing,0.257,Monthly
143,User_143,64,Female,Location_43,2023-07-17,0.9939838056680163,Electronics,-1.972,Weekly
144,User_144,53,Male,Location_44,2023-01-04,0.9960687830687831,Books,0.009333333333333341,Monthly
145,User_145,38,Male,Location_45,2023-05-23,0.9952448,Food,-0.486,Weekly
146,User_146,35,Male,Location_46,2023-09-20,0.9957542857142857,Food,-1.972,Monthly
147,User_147,68,Female,Location_47,2023-04-09,0.9449629629629629,Home & Garden,-1.972,Monthly
148,User_148,45,Female,Location_48,2023-02-23,0.9915085714285715,Clothing,-0.486,Weekly
149,User_149,32,Female,Location_49,2023-08-12,0.994822299651568,Electronics,-1.972,Weekly
150,User_150,59,Female,Location_50,2023-03-19,0.9968077336197637,Home & Garden,0.4056,Weekly
151,User_151,19,Male,Location_51,2023-06-22,0.9959006896551724,Home & Garden,0.4056,Daily
152,User_152,54,Female,Location_52,2023-09-02,0.9836703296703296,Home & Garden,0.257,Daily
153,User_153,28,Female,Location_53,2023-02-14,0.9673406593406594,Electronics,0.257,Weekly
154,User_154,40,Male,Location_54,2023-11-26,0.9954625954198474,Electronics,0.009333333333333341,Weekly
155,User_155,61,Male,Location_55,2023-04-26,0.9950876033057852,Clothing,0.009333333333333341,Daily
156,User_156,58,Female,Location_56,2023-12-07,0.995877947295423,Electronics,0.4056,Weekly
157,User_157,29,Male,Location_57,2023-10-21,0.9887849056603775,Home & Garden,-1.972,Weekly
158,User_158,20,Female,Location_58,2023-11-12,0.9964869976359338,Clothing,-0.486,Daily
159,User_159,69,Male,Location_59,2023-12-20,0.9951831442463533,Home & Garden,0.4056,Monthly
160,User_160,34,Female,Location_60,2023-08-07,0.9917214484679666,Home & Garden,0.257,Daily
161,User_161,50,Male,Location_61,2023-06-20,0.9743793103448276,Food,0.257,Weekly
162,User_162,18,Female,Location_62,2023-12-25,0.9961099476439791,Electronics,0.257,Weekly
163,User_163,56,Male,Location_63,2023-10-01,0.9951517128874389,Food,-0.486,Monthly
164,User_164,37,Female,Location_64,2023-12-18,0.9825176470588235,Food,0.257,Weekly
165,User_165,64,Female,Location_65,2023-11-16,0.9940678642714571,Home & Garden,0.257,Weekly
166,User_166,60,Female,Location_66,2023-05-19,0.9968616684266104,Electronics,0.009333333333333341,Daily
167,User_167,69,Female,Location_67,2023-11-27,0.9864909090909091,Home & Garden,-1.972,Daily
168,User_168,58,Female,Location_68,2023-06-06,0.9929739952718677,Books,-1.972,Weekly
169,User_169,31,Female,Location_69,2023-08-03,0.996766050054407,Home & Garden,-0.486,Weekly
170,User_170,48,Male,Location_70,2023-11-01,0.9920534759358289,Home & Garden,0.257,Weekly
171,User_171,42,Female,Location_71,2023-09-06,0.9954901365705615,Electronics,0.009333333333333341,Weekly
172,User_172,20,Male,Location_72,2023-07-04,0.9535625,Home & Garden,-1.972,Monthly
173,User_173,21,Female,Location_73,2023-12-20,0.9967483588621444,Home & Garden,-0.486,Daily
174,User_174,48,Male,Location_74,2023-12-25,0.9150857142857143,Food,0.009333333333333341,Daily
175,User_175,52,Female,Location_75,2023-09-13,0.9826198830409356,Home & Garden,0.257,Weekly
176,User_176,61,Male,Location_76,2023-07-18,0.9944860853432282,Electronics,-0.486,Weekly
177,User_177,31,Female,Location_77,2023-01-16,0.994138067061144,Food,0.009333333333333341,Weekly
178,User_178,66,Male,Location_78,2023-08-07,0.9932607709750567,Clothing,-1.972,Daily
179,User_179,58,Female,Location_79,2023-05-12,0.9944758364312268,Clothing,0.4056,Weekly
180,User_180,26,Male,Location_80,2023-10-28,0.9947950963222417,Home & Garden,-1.972,Weekly
181,User_181,37,Male,Location_81,2023-10-11,0.9587222222222223,Food,0.4056,Monthly
182,User_182,49,Male,Location_82,2023-10-04,0.9964994110718493,Books,-0.486,Daily
183,User_183,26,Female,Location_83,2023-09-22,0.9965917431192661,Clothing,0.009333333333333341,Monthly
184,User_184,44,Male,Location_84,2023-07-01,0.9969858012170386,Food,0.009333333333333341,Weekly
185,User_185,20,Female,Location_85,2023-10-21,0.9690416666666667,Clothing,0.009333333333333341,Monthly
186,User_186,70,Female,Location_86,2023-07-07,0.9942514506769826,Food,0.257,Monthly
187,User_187,21,Female,Location_87,2023-11-28,0.9830171428571428,Home & Garden,-1.972,Daily
188,User_188,62,Female,Location_88,2023-12-21,0.9891927272727273,Food,0.4056,Monthly
189,User_189,32,Male,Location_89,2023-09-15,0.9968781512605043,Food,0.257,Weekly
190,User_190,50,Female,Location_90,2023-08-15,0.9955105740181269,Electronics,-0.486,Weekly
191,User_191,22,Male,Location_91,2023-01-06,0.9696734693877551,Home & Garden,-0.486,Weekly
192,User_192,21,Female,Location_92,2023-07-08,0.9923989769820972,Books,0.257,Weekly
193,User_193,63,Male,Location_93,2023-05-23,0.9922402088772847,Clothing,0.4056,Daily
194,User_194,29,Female,Location_94,2023-03-03,0.9928557692307692,Food,-0.486,Weekly
195,User_195,40,Female,Location_95,2023-10-19,0.984680412371134,Food,-1.972,Daily
196,User_196,31,Male,Location_96,2023-08-15,0.9950466666666667,Home & Garden,-0.486,Daily
197,User_197,63,Female,Location_97,2023-09-30,0.9947583774250441,Electronics,0.4056,Daily
198,User_198,29,Female,Location_98,2023-11-28,0.9963353884093712,Clothing,-1.972,Weekly
199,User_199,34,Female,Location_99,2023-06-13,0.9958258426966292,Books,0.257,Daily
200,User_200,42,Female,Location_0,2023-05-05,0.9943498098859316,Food,0.4056,Monthly
201,User_201,47,Female,Location_1,2023-03-12,0.996491145218418,Electronics,-1.972,Monthly
202,User_202,39,Female,Location_2,2023-12-22,0.9954064914992272,Clothing,-1.972,Weekly
203,User_203,64,Female,Location_3,2023-04-18,0.9654418604651164,Clothing,-1.972,Monthly
204,User_204,43,Female,Location_4,2023-10-18,0.995698986975398,Books,0.4056,Monthly
205,User_205,34,Male,Location_5,2023-11-11,0.992679802955665,Home & Garden,0.009333333333333341,Monthly
206,User_206,37,Female,Location_6,2023-10-02,0.9961799485861182,Clothing,-0.486,Monthly
207,User_207,51,Male,Location_7,2023-08-23,0.9958664812239222,Clothing,0.009333333333333341,Daily
208,User_208,58,Female,Location_8,2023-04-04,0.981425,Books,-0.486,Monthly
209,User_209,50,Male,Location_9,2023-02-16,0.9960635761589405,Food,0.4056,Weekly
210,User_210,54,Male,Location_10,2023-02-15,0.9918126721763086,Home & Garden,-0.486,Weekly
211,User_211,24,Male,Location_11,2023-04-07,0.9957482117310443,Books,0.4056,Monthly
212,User_212,39,Female,Location_12,2023-03-13,0.9953343799058085,Food,-1.972,Monthly
213,User_213,49,Female,Location_13,2023-04-16,0.9964744958481614,Books,0.257,Monthly
214,User_214,31,Male,Location_14,2023-12-29,0.9926435643564357,Books,0.009333333333333341,Monthly
215,User_215,25,Female,Location_15,2023-10-12,0.9857115384615385,Books,0.009333333333333341,Monthly
216,User_216,42,Female,Location_16,2023-08-10,0.9774848484848484,Electronics,0.4056,Daily
217,User_217,33,Male,Location_17,2023-02-08,0.8856923076923077,Books,-0.486,Weekly
218,User_218,59,Female,Location_18,2023-08-02,0.995877947295423,Food,-0.486,Weekly
219,User_219,36,Male,Location_19,2023-04-09,0.9929406175771972,Food,0.257,Daily
220,User_220,58,Male,Location_20,2023-08-04,0.9902236842105264,Clothing,-1.972,Daily
221,User_221,33,Female,Location_21,2023-11-02,0.9745982905982906,Electronics,-0.486,Daily
222,User_222,29,Male,Location_22,2023-05-27,0.9683829787234043,Food,-0.486,Weekly
223,User_223,56,Female,Location_23,2023-08-24,0.993167816091954,Electronics,-1.972,Weekly
224,User_224,65,Female,Location_24,2023-10-21,0.9959398907103826,Clothing,0.257,Monthly
225,User_225,47,Female,Location_25,2023-05-29,0.9953343799058085,Electronics,-0.486,Daily
226,User_226,19,Female,Location_26,2023-03-13,0.993594827586207,Food,0.4056,Weekly
227,User_227,49,Male,Location_27,2023-11-10,0.9968516949152543,Home & Garden,-1.972,Weekly
228,User_228,62,Female,Location_28,2023-05-21,0.9956549707602339,Electronics,-0.486,Monthly
229,User_229,42,Female,Location_29,2023-01-22,0.9758373983739838,Electronics,0.257,Monthly
230,User_230,42,Female,Location_30,2023-02-16,0.9958950276243094,Home & Garden,0.009333333333333341,Weekly
231,User_231,21,Male,Location_31,2023-12-28,0.9961750321750322,Books,0.4056,Daily
232,User_232,36,Male,Location_32,2023-05-03,0.9919457994579947,Home & Garden,0.4056,Monthly
233,User_233,65,Female,Location_33,2023-06-12,0.9963667481662591,Books,0.4056,Weekly
234,User_234,21,Female,Location_34,2023-07-20,0.94056,Home & Garden,0.4056,Monthly
235,User_235,60,Female,Location_35,2023-04-13,0.9968145766345123,Electronics,0.009333333333333341,Daily
236,User_236,30,Female,Location_36,2023-08-04,0.971423076923077,Books,0.009333333333333341,Weekly
237,User_237,56,Female,Location_37,2023-08-30,0.982919540229885,Books,0.009333333333333341,Daily
238,User_238,53,Male,Location_38,2023-03-09,0.9724814814814815,Home & Garden,0.009333333333333341,Monthly
239,User_239,40,Female,Location_39,2023-06-28,0.9948846815834768,Electronics,0.257,Daily
240,User_240,23,Male,Location_40,2023-05-23,0.9951358428805238,Electronics,-0.486,Daily
241,User_241,41,Male,Location_41,2023-02-25,0.9968145766345123,Electronics,0.009333333333333341,Monthly
242,User_242,61,Female,Location_42,2023-10-11,0.9957903682719547,Books,0.009333333333333341,Daily
243,User_243,50,Male,Location_43,2023-03-28,0.9783065693430656,Books,0.257,Weekly
244,User_244,29,Female,Location_44,2023-10-10,0.9969170124481328,Books,-1.972,Monthly
245,User_245,58,Male,Location_45,2023-03-26,0.9899932659932661,Electronics,0.257,Daily
246,User_246,38,Male,Location_46,2023-02-22,0.9964019370460049,Clothing,-1.972,Daily
247,User_247,28,Female,Location_47,2023-06-18,0.9781470588235294,Clothing,0.4056,Monthly
248,User_248,61,Male,Location_48,2023-01-21,0.9925138539042822,Books,0.257,Daily
249,User_249,55,Female,Location_49,2023-03-06,0.9909939393939394,Books,0.4056,Weekly
250,User_250,46,Female,Location_50,2023-10-05,0.9946833631484795,Electronics,-1.972,Monthly
251,User_251,65,Female,Location_51,2023-02-20,0.994206627680312,Electronics,0.257,Weekly
252,User_252,58,Female,Location_52,2023-07-31,0.9956865021770682,Clothing,-1.972,Weekly
253,User_253,20,Female,Location_53,2023-09-03,0.8649090909090908,Clothing,-1.972,Weekly
254,User_254,45,Female,Location_54,2023-09-06,0.9965522041763342,Home & Garden,0.4056,Monthly
255,User_255,37,Male,Location_55,2023-09-02,0.9936631130063966,Electronics,-1.972,Monthly
256,User_256,43,Male,Location_56,2023-03-21,0.9913099415204679,Food,-0.486,Weekly
257,User_257,41,Female,Location_57,2023-08-12,0.9953707165109035,Home & Garden,0.009333333333333341,Monthly
258,User_258,69,Male,Location_58,2023-02-08,0.9921789473684212,Electronics,0.257,Weekly
259,User_259,64,Male,Location_59,2023-09-27,0.9970190571715145,Food,0.4056,Weekly
260,User_260,38,Female,Location_60,2023-06-26,0.9968814270724029,Food,0.009333333333333341,Daily
261,User_261,47,Male,Location_61,2023-12-31,0.9907987616099072,Books,0.4056,Weekly
262,User_262,21,Female,Location_62,2023-09-05,0.9813081761006289,Books,-0.486,Monthly
263,User_263,53,Female,Location_63,2023-07-14,0.9966455981941309,Food,0.009333333333333341,Weekly
264,User_264,57,Male,Location_64,2023-12-17,0.994434456928839,Food,0.257,Weekly
265,User_265,27,Female,Location_65,2023-02-11,0.995544227886057,Home & Garden,-1.972,Daily
266,User_266,27,Female,Location_66,2023-06-13,0.9931362586605081,Food,-1.972,Weekly
267,User_267,59,Female,Location_67,2023-10-08,0.9968281750266809,Books,0.009333333333333341,Weekly
268,User_268,41,Female,Location_68,2023-07-18,0.995304897314376,Books,0.4056,Daily
269,User_269,21,Male,Location_69,2023-09-17,0.9956229749631812,Books,0.257,Daily
270,User_270,64,Female,Location_70,2023-09-29,0.9933808463251671,Clothing,-1.972,Monthly
271,User_271,44,Male,Location_71,2023-04-20,0.993525054466231,Home & Garden,0.009333333333333341,Weekly
272,User_272,68,Female,Location_72,2023-10-12,0.9901914191419142,Home & Garden,0.009333333333333341,Weekly
273,User_273,62,Male,Location_73,2023-06-29,0.9943065134099617,Home & Garden,-0.486,Daily
274,User_274,21,Male,Location_74,2023-12-20,0.9962896379525593,Clothing,0.257,Monthly
275,User_275,49,Female,Location_75,2023-05-27,0.996766050054407,Home & Garden,0.257,Weekly
276,User_276,27,Male,Location_76,2023-03-08,0.9796438356164383,Clothing,0.4056,Weekly
277,User_277,28,Female,Location_77,2023-03-29,0.9937824267782427,Clothing,0.4056,Daily
278,User_278,45,Female,Location_78,2023-03-20,0.9528253968253968,Food,0.009333333333333341,Daily
279,User_279,63,Male,Location_79,2023-11-28,0.9864909090909091,Clothing,-0.486,Daily
280,User_280,25,Male,Location_80,2023-03-09,0.9914104046242775,Electronics,0.009333333333333341,Weekly
281,User_281,57,Male,Location_81,2023-02-11,0.9962427307206069,Electronics,0.4056,Weekly
282,User_282,39,Male,Location_82,2023-02-17,0.9926069651741294,Home & Garden,-1.972,Monthly
283,User_283,51,Female,Location_83,2023-03-15,0.9925700000000001,Electronics,-0.486,Daily
284,User_284,62,Male,Location_84,2023-01-27,0.9929406175771972,Food,0.257,Daily
285,User_285,52,Female,Location_85,2023-07-13,0.9830171428571428,Electronics,-1.972,Daily
286,User_286,52,Male,Location_86,2023-06-06,0.9930722610722611,Clothing,-1.972,Weekly
287,User_287,42,Male,Location_87,2023-05-06,0.994711743772242,Electronics,0.257,Monthly
288,User_288,51,Female,Location_88,2023-06-17,0.995603550295858,Books,0.009333333333333341,Monthly
289,User_289,23,Male,Location_89,2023-04-14,0.9917444444444445,Food,-0.486,Daily
290,User_290,58,Female,Location_90,2023-12-04,0.9969735234215886,Home & Garden,-1.972,Weekly
291,User_291,54,Male,Location_91,2023-10-16,0.9934101995565411,Books,0.009333333333333341,Daily
292,User_292,18,Male,Location_92,2023-07-01,0.990443729903537,Food,0.257,Daily
293,User_293,29,Female,Location_93,2023-02-13,0.9965361305361305,Food,0.009333333333333341,Monthly
294,User_294,52,Female,Location_94,2023-12-23,0.9908271604938272,Food,-1.972,Monthly
295,User_295,23,Female,Location_95,2023-09-13,0.9815403726708074,Electronics,-0.486,Weekly
296,User_296,34,Female,Location_96,2023-07-21,0.9961701030927835,Electronics,-0.486,Daily
297,User_297,26,Female,Location_97,2023-03-23,0.9882063492063492,Books,0.257,Daily
298,User_298,19,Female,Location_98,2023-10-29,0.9960687830687831,Books,0.009333333333333341,Weekly
299,User_299,35,Female,Location_99,2023-08-13,0.996961145194274,Clothing,0.4056,Daily
300,User_300,66,Male,Location_0,2023-05-11,0.9937299578059072,Clothing,-0.486,Weekly
301,User_301,53,Female,Location_1,2023-12-30,0.9883450980392157,Clothing,0.4056,Weekly
302,User_302,45,Male,Location_2,2023-10-06,0.9967087486157253,Food,0.009333333333333341,Weekly
303,User_303,58,Male,Location_3,2023-05-24,0.9944962962962963,Home & Garden,0.009333333333333341,Monthly
304,User_304,70,Female,Location_4,2023-12-29,0.9969673469387755,Clothing,0.4056,Daily
305,User_305,54,Male,Location_5,2023-09-12,0.9967730727470141,Books,0.257,Monthly
306,User_306,66,Male,Location_6,2023-01-30,0.9940080645161291,Home & Garden,0.4056,Monthly
307,User_307,43,Female,Location_7,2023-05-03,0.9967087486157253,Clothing,-1.972,Weekly
308,User_308,21,Male,Location_8,2023-10-11,0.9965681293302541,Electronics,0.4056,Weekly
309,User_309,57,Female,Location_9,2023-03-01,0.9960946123521682,Clothing,0.4056,Daily
310,User_310,53,Male,Location_10,2023-12-04,0.9964703087885985,Clothing,0.257,Weekly
311,User_311,68,Male,Location_11,2023-03-16,0.9925138539042822,Food,-1.972,Daily
312,User_312,48,Female,Location_12,2023-02-26,0.9970160642570282,Food,0.009333333333333341,Daily
313,User_313,47,Male,Location_13,2023-03-25,0.9967904967602592,Clothing,-1.972,Daily
314,User_314,67,Male,Location_14,2023-01-07,0.9839351351351351,Food,0.4056,Daily
315,User_315,51,Female,Location_15,2023-11-20,0.9934824561403509,Electronics,0.009333333333333341,Daily
316,User_316,36,Female,Location_16,2023-03-05,0.9918126721763086,Home & Garden,0.257,Weekly
317,User_317,35,Male,Location_17,2023-06-18,0.9125882352941176,Home & Garden,0.009333333333333341,Monthly
318,User_318,47,Male,Location_18,2023-12-04,0.9959398907103826,Food,0.257,Daily
319,User_319,38,Female,Location_19,2023-08-27,0.9963667481662591,Clothing,0.4056,Monthly
320,User_320,20,Male,Location_20,2023-07-14,0.97978231292517,Electronics,-1.972,Daily
321,User_321,23,Female,Location_21,2023-10-10,0.991207100591716,Electronics,-1.972,Monthly
322,User_322,55,Female,Location_22,2023-10-31,0.9857799043062201,Books,-1.972,Monthly
323,User_323,30,Male,Location_23,2023-02-05,0.9938847736625515,Food,-1.972,Daily
324,User_324,62,Female,Location_24,2023-06-13,0.9903192182410424,Books,-1.972,Weekly
325,User_325,20,Female,Location_25,2023-08-17,0.9962710163111669,Food,-0.486,Weekly
326,User_326,65,Male,Location_26,2023-05-27,0.9959619565217391,Books,0.4056,Weekly
327,User_327,45,Female,Location_27,2023-05-19,0.9910750750750751,Clothing,-1.972,Weekly
328,User_328,39,Male,Location_28,2023-02-04,0.996979674796748,Food,-1.972,Monthly
329,User_329,57,Male,Location_29,2023-01-14,0.9783065693430656,Home & Garden,0.257,Daily
330,User_330,57,Male,Location_30,2023-07-19,0.9953634945397816,Food,0.4056,Daily
331,User_331,29,Female,Location_31,2023-12-01,0.996478672985782,Home & Garden,0.257,Weekly
332,User_332,40,Male,Location_32,2023-05-03,0.9959674355495252,Books,-1.972,Daily
333,User_333,48,Male,Location_33,2023-01-19,0.987869387755102,Books,0.4056,Daily
334,User_334,35,Male,Location_34,2023-02-22,0.9125882352941176,Clothing,0.4056,Daily
335,User_335,24,Male,Location_35,2023-12-11,0.9950957095709572,Home & Garden,0.4056,Monthly
336,User_336,25,Female,Location_36,2023-05-21,0.9956613138686131,Clothing,0.009333333333333341,Daily
337,User_337,36,Female,Location_37,2023-02-18,0.9966977777777778,Electronics,-0.486,Daily
338,User_338,46,Male,Location_38,2023-03-10,0.9932454545454545,Home & Garden,-0.486,Weekly
339,User_339,61,Female,Location_39,2023-01-03,0.9946353790613719,Food,-1.972,Monthly
340,User_340,37,Female,Location_40,2023-01-11,0.9963399014778326,Home & Garden,-0.486,Monthly
341,User_341,67,Female,Location_41,2023-07-16,0.9947304964539008,Books,0.4056,Daily
342,User_342,59,Male,Location_42,2023-04-26,0.9965839080459771,Clothing,0.009333333333333341,Daily
343,User_343,47,Female,Location_43,2023-08-03,0.9367659574468085,Electronics,-0.486,Monthly
344,User_344,64,Female,Location_44,2023-04-23,0.9875126050420168,Clothing,-0.486,Daily
345,User_345,39,Female,Location_45,2023-05-14,0.9965441860465116,Electronics,0.009333333333333341,Daily
346,User_346,27,Female,Location_46,2023-02-27,0.954276923076923,Books,0.257,Weekly
347,User_347,43,Female,Location_47,2023-03-28,0.9966380090497737,Clothing,-1.972,Monthly
348,User_348,68,Male,Location_48,2023-09-01,0.9946642728904848,Food,0.4056,Weekly
349,User_349,50,Female,Location_49,2023-02-07,0.9918575342465754,Food,0.009333333333333341,Weekly
350,User_350,45,Female,Location_50,2023-11-21,0.9603733333333334,Clothing,0.257,Weekly
351,User_351,27,Male,Location_51,2023-05-09,0.9917214484679666,Clothing,-1.972,Monthly
352,User_352,46,Male,Location_52,2023-02-19,0.9955641791044776,Electronics,0.257,Daily
353,User_353,61,Male,Location_53,2023-03-04,0.9875648535564853,Clothing,-1.972,Weekly
354,User_354,35,Male,Location_54,2023-08-11,0.9918575342465754,Electronics,-0.486,Daily
355,User_355,59,Female,Location_55,2023-11-26,0.9963932038834952,Clothing,0.009333333333333341,Weekly
356,User_356,18,Female,Location_56,2023-09-29,0.9918351648351649,Clothing,-1.972,Daily
357,User_357,40,Female,Location_57,2023-03-09,0.9705742574257427,Home & Garden,0.009333333333333341,Weekly
358,User_358,34,Female,Location_58,2023-04-22,0.9587222222222223,Electronics,0.009333333333333341,Daily
359,User_359,60,Female,Location_59,2024-01-01,0.9587222222222223,Books,0.257,Daily
360,User_360,54,Male,Location_60,2023-05-25,0.994138067061144,Food,0.4056,Weekly
361,User_361,48,Female,Location_61,2023-10-26,0.9886130268199235,Electronics,0.257,Daily
362,User_362,42,Male,Location_62,2023-03-20,0.9950466666666667,Clothing,0.257,Weekly
363,User_363,70,Male,Location_63,2023-03-22,0.9966380090497737,Food,0.4056,Weekly
364,User_364,21,Male,Location_64,2023-12-16,0.9823095238095237,Clothing,0.4056,Monthly
365,User_365,69,Female,Location_65,2023-03-25,0.9916750700280113,Books,0.257,Weekly
366,User_366,26,Female,Location_66,2023-04-14,0.9512786885245902,Electronics,0.009333333333333341,Daily
367,User_367,45,Male,Location_67,2023-05-13,0.9943498098859316,Electronics,-0.486,Daily
368,User_368,47,Male,Location_68,2023-04-09,0.9958607242339833,Clothing,0.4056,Monthly
369,User_369,64,Male,Location_69,2023-01-29,0.9967412280701755,Clothing,-0.486,Monthly
370,User_370,41,Male,Location_70,2023-02-24,0.9960635761589405,Electronics,0.009333333333333341,Weekly
371,User_371,50,Male,Location_71,2023-03-08,0.9963711843711844,Clothing,0.4056,Daily
372,User_372,37,Male,Location_72,2023-02-12,0.9889516728624536,Electronics,-1.972,Monthly
373,User_373,26,Female,Location_73,2023-12-12,0.9956865021770682,Home & Garden,-1.972,Daily
374,User_374,25,Male,Location_74,2023-09-04,0.9940796812749004,Books,0.257,Monthly
375,User_375,41,Male,Location_75,2023-04-06,0.9729818181818183,Electronics,-0.486,Daily
376,User_376,31,Male,Location_76,2023-04-06,0.9929406175771972,Books,-1.972,Daily
377,User_377,35,Male,Location_77,2023-10-13,0.9955173453996984,Books,0.257,Monthly
378,User_378,70,Male,Location_78,2023-05-16,0.9904129032258066,Home & Garden,0.257,Daily
379,User_379,18,Female,Location_79,2023-11-19,0.988827067669173,Electronics,0.257,Weekly
380,User_380,29,Male,Location_80,2023-07-30,0.9965117370892019,Clothing,0.009333333333333341,Weekly
381,User_381,46,Female,Location_81,2023-01-08,0.996,Clothing,-0.486,Daily
382,User_382,54,Male,Location_82,2023-05-31,0.9965280373831776,Electronics,0.4056,Weekly
383,User_383,43,Male,Location_83,2023-12-09,0.9784637681159419,Electronics,0.257,Daily
384,User_384,50,Female,Location_84,2023-03-17,0.988827067669173,Books,0.4056,Weekly
385,User_385,60,Male,Location_85,2023-03-19,0.9719622641509434,Books,-1.972,Monthly
386,User_386,32,Female,Location_86,2023-02-14,0.996675615212528,Food,0.009333333333333341,Daily
387,User_387,40,Female,Location_87,2023-03-29,0.9962332065906211,Books,0.4056,Daily
388,User_388,46,Female,Location_88,2023-03-30,0.9237948717948717,Electronics,0.257,Weekly
389,User_389,38,Female,Location_89,2023-10-25,0.9925513784461153,Food,0.009333333333333341,Monthly
390,User_390,36,Female,Location_90,2023-03-06,0.9623797468354431,Books,0.257,Daily
391,User_391,22,Female,Location_91,2023-03-27,0.9957963224893919,Clothing,0.009333333333333341,Monthly
392,User_392,40,Male,Location_92,2023-01-24,0.9899594594594595,Books,0.4056,Daily
393,User_393,53,Female,Location_93,2023-04-03,0.9962663316582915,Books,0.4056,Weekly
394,User_394,37,Male,Location_94,2023-08-18,0.9952675159235669,Books,-1.972,Weekly
395,User_395,25,Male,Location_95,2023-04-15,0.8856923076923077,Books,-0.486,Monthly
396,User_396,26,Female,Location_96,2023-05-21,0.9966867335562988,Home & Garden,0.257,Weekly
397,User_397,31,Female,Location_97,2023-01-24,0.9914351585014409,Electronics,0.257,Monthly
398,User_398,23,Female,Location_98,2023-04-26,0.9860469483568075,Food,-1.972,Weekly
399,User_399,18,Male,Location_99,2023-10-11,0.843578947368421,Electronics,0.009333333333333341,Monthly
400,User_400,26,Female,Location_0,2023-04-10,0.9967519125683061,Books,0.009333333333333341,Weekly
401,User_401,33,Female,Location_1,2023-10-31,0.9959837837837838,Clothing,0.4056,Monthly
402,User_402,33,Male,Location_2,2023-12-03,0.9654418604651164,Food,0.4056,Weekly
403,User_403,29,Female,Location_3,2023-08-15,0.9958375350140056,Electronics,0.257,Monthly
404,User_404,22,Male,Location_4,2023-07-27,0.9876680497925311,Clothing,-0.486,Daily
405,User_405,57,Female,Location_5,2023-02-08,0.9968179871520343,Books,0.257,Monthly
406,User_406,46,Male,Location_6,2023-11-04,0.9961302083333333,Clothing,0.009333333333333341,Weekly
407,User_407,63,Female,Location_7,2023-11-20,0.9965239766081871,Electronics,-0.486,Weekly
408,User_408,44,Male,Location_8,2023-02-08,0.996564161849711,Food,-0.486,Daily
409,User_409,28,Female,Location_9,2023-08-01,0.9969170124481328,Electronics,-1.972,Weekly
410,User_410,70,Female,Location_10,2023-02-25,0.9953779160186625,Clothing,0.4056,Daily
411,User_411,64,Male,Location_11,2023-09-05,0.9932760180995476,Clothing,-0.486,Monthly
412,User_412,67,Female,Location_12,2023-01-27,0.9929406175771972,Electronics,0.257,Weekly
413,User_413,45,Female,Location_13,2023-12-07,0.9966418079096045,Electronics,0.009333333333333341,Daily
414,User_414,69,Male,Location_14,2023-07-12,0.9817668711656441,Electronics,0.4056,Daily
415,User_415,53,Male,Location_15,2023-08-23,0.9969979797979798,Clothing,0.257,Weekly
416,User_416,59,Female,Location_16,2023-01-27,0.9754380165289257,Home & Garden,0.009333333333333341,Daily
417,User_417,36,Male,Location_17,2023-04-27,0.9950301003344482,Electronics,0.257,Daily
418,User_418,52,Female,Location_18,2023-11-25,0.9945567765567765,Books,0.257,Monthly
419,User_419,69,Female,Location_19,2023-07-24,0.9962043422733078,Clothing,0.4056,Monthly
420,User_420,48,Male,Location_20,2023-01-02,0.9324545454545454,Home & Garden,0.009333333333333341,Monthly
421,User_421,61,Male,Location_21,2023-05-29,0.9654418604651164,Food,0.257,Daily
422,User_422,36,Female,Location_22,2023-12-25,0.9849137055837563,Home & Garden,-0.486,Weekly
423,User_423,63,Male,Location_23,2023-07-20,0.9947398230088496,Food,0.4056,Monthly
424,User_424,41,Female,Location_24,2023-10-09,0.9969827411167513,Home & Garden,-1.972,Weekly
425,User_425,19,Male,Location_25,2023-01-12,0.9964492234169654,Clothing,-0.486,Monthly
426,User_426,24,Female,Location_26,2023-04-04,0.989644599303136,Books,0.009333333333333341,Daily
427,User_427,60,Female,Location_27,2023-07-12,0.9939838056680163,Clothing,-0.486,Monthly
428,User_428,66,Female,Location_28,2023-07-18,0.994138067061144,Home & Garden,0.257,Weekly
429,User_429,48,Female,Location_29,2023-11-29,0.9942846153846154,Home & Garden,-1.972,Daily
430,User_430,34,Female,Location_30,2023-01-13,0.9920534759358289,Food,0.4056,Weekly
431,User_431,44,Female,Location_31,2023-02-14,0.994434456928839,Electronics,-1.972,Daily
432,User_432,53,Female,Location_32,2023-06-14,0.9966606741573034,Clothing,-0.486,Weekly
433,User_433,67,Male,Location_33,2023-10-06,0.9724814814814815,Food,-1.972,Monthly
434,User_434,60,Male,Location_34,2023-02-11,0.9954625954198474,Home & Garden,0.009333333333333341,Daily
435,User_435,27,Male,Location_35,2023-03-27,0.9962756892230576,Home & Garden,0.257,Weekly
436,User_436,62,Female,Location_36,2023-12-26,0.9953993808049536,Electronics,0.257,Daily
437,User_437,31,Male,Location_37,2023-01-13,0.9956358296622614,Clothing,0.009333333333333341,Weekly
438,User_438,24,Male,Location_38,2023-04-21,0.996607305936073,Home & Garden,0.257,Weekly
439,User_439,56,Male,Location_39,2023-11-02,0.9897162629757786,Books,0.4056,Daily
440,User_440,57,Male,Location_40,2023-05-30,0.9945064695009243,Electronics,0.257,Monthly
441,User_441,26,Female,Location_41,2023-11-01,0.9951037891268534,Electronics,0.257,Daily
442,User_442,31,Female,Location_42,2023-06-28,0.9963975757575758,Food,-0.486,Monthly
443,User_443,25,Male,Location_43,2023-09-02,0.9962091836734694,Food,-1.972,Weekly
444,User_444,34,Female,Location_44,2023-03-22,0.9618974358974359,Food,0.257,Daily
445,User_445,40,Female,Location_45,2023-05-07,0.985914691943128,Home & Garden,-0.486,Daily
446,User_446,33,Female,Location_46,2023-12-04,0.9945567765567765,Electronics,0.009333333333333341,Monthly
447,User_447,43,Female,Location_47,2023-08-02,0.9968814270724029,Clothing,0.4056,Monthly
448,User_448,26,Female,Location_48,2023-08-05,0.9968315565031983,Books,0.009333333333333341,Daily
449,User_449,53,Male,Location_49,2023-04-14,0.9969673469387755,Home & Garden,0.4056,Daily
450,User_450,24,Female,Location_50,2023-10-09,0.9959837837837838,Home & Garden,-0.486,Weekly
451,User_451,35,Male,Location_51,2023-03-30,0.9938721649484537,Clothing,0.009333333333333341,Daily
452,User_452,25,Female,Location_52,2023-09-04,0.9894609929078015,Home & Garden,-0.486,Daily
453,User_453,38,Male,Location_53,2023-03-24,0.9960267379679144,Clothing,0.4056,Daily
454,User_454,43,Male,Location_54,2023-02-26,0.981425,Clothing,0.257,Weekly
455,User_455,20,Female,Location_55,2023-03-14,0.9779851851851851,Electronics,-0.486,Monthly
456,User_456,34,Male,Location_56,2023-12-25,0.9217894736842105,Home & Garden,-1.972,Daily
457,User_457,68,Female,Location_57,2023-01-30,0.9898911564625851,Home & Garden,0.257,Daily
458,User_458,63,Male,Location_58,2023-08-15,0.9953196850393701,Books,0.257,Weekly
459,User_459,41,Male,Location_59,2023-02-25,0.996979674796748,Clothing,-1.972,Daily
460,User_460,42,Female,Location_60,2023-12-27,0.9966188850967008,Books,0.009333333333333341,Monthly
461,User_461,22,Male,Location_61,2023-04-03,0.9951358428805238,Books,-1.972,Weekly
462,User_462,54,Female,Location_62,2023-04-26,0.9792167832167832,Books,0.257,Weekly
463,User_463,62,Male,Location_63,2023-10-15,0.9949455782312926,Food,0.009333333333333341,Daily
464,User_464,67,Female,Location_64,2023-02-01,0.9930722610722611,Electronics,0.009333333333333341,Daily
465,User_465,41,Male,Location_65,2023-10-12,0.9959006896551724,Clothing,0.4056,Monthly
466,User_466,48,Male,Location_66,2023-05-13,0.9968944618599791,Home & Garden,-1.972,Weekly
467,User_467,43,Female,Location_67,2023-09-13,0.9950383973288816,Food,0.257,Weekly
468,User_468,38,Female,Location_68,2023-09-15,0.9957903682719547,Food,-0.486,Weekly
469,User_469,51,Male,Location_69,2023-12-02,0.9939222903885481,Food,0.4056,Weekly
470,User_470,55,Female,Location_70,2023-01-12,0.9939098360655738,Home & Garden,-0.486,Weekly
471,User_471,41,Male,Location_71,2023-04-17,0.9890332103321033,Food,0.009333333333333341,Monthly
472,User_472,45,Male,Location_72,2023-08-26,0.9237948717948717,Food,0.257,Monthly
473,User_473,47,Male,Location_73,2023-01-17,0.9705742574257427,Home & Garden,0.257,Monthly
474,User_474,51,Female,Location_74,2023-03-07,0.9969009384775809,Electronics,-1.972,Weekly
475,User_475,69,Female,Location_75,2023-07-13,0.993525054466231,Food,0.257,Monthly
476,User_476,69,Female,Location_76,2023-05-10,0.9909113149847095,Clothing,0.257,Weekly
477,User_477,40,Male,Location_77,2023-09-08,0.9940321285140563,Electronics,-1.972,Monthly
478,User_478,25,Male,Location_78,2023-04-22,0.9818780487804878,Home & Garden,-1.972,Daily
479,User_479,59,Male,Location_79,2024-01-01,0.9898911564625851,Electronics,0.257,Daily
480,User_480,67,Female,Location_80,2023-04-03,0.9931362586605081,Electronics,0.257,Weekly
481,User_481,27,Male,Location_81,2023-10-02,0.9951987075928918,Books,0.4056,Monthly
482,User_482,18,Female,Location_82,2023-05-18,0.9741565217391305,Home & Garden,-0.486,Daily
483,User_483,37,Female,Location_83,2023-06-28,0.9957360114777619,Electronics,0.4056,Weekly
484,User_484,54,Female,Location_84,2023-12-11,0.9750252100840336,Home & Garden,0.4056,Daily
485,User_485,35,Female,Location_85,2023-10-30,0.9968315565031983,Food,0.009333333333333341,Daily
486,User_486,38,Female,Location_86,2023-05-24,0.9923204134366925,Home & Garden,0.257,Weekly
487,User_487,66,Male,Location_87,2023-09-22,0.9889925925925926,Electronics,0.4056,Daily
488,User_488,21,Male,Location_88,2023-08-09,0.9933660714285715,Home & Garden,0.257,Daily
489,User_489,60,Male,Location_89,2023-11-24,0.9924568527918782,Books,0.4056,Weekly
490,User_490,19,Male,Location_90,2023-06-08,0.9892707581227438,Books,0.009333333333333341,Weekly
491,User_491,38,Female,Location_91,2023-08-11,0.9842751322751322,Books,0.257,Weekly
492,User_492,54,Female,Location_92,2023-06-01,0.9952141706924316,Home & Garden,-0.486,Daily
493,User_493,22,Female,Location_93,2023-05-09,0.9969486652977413,Electronics,0.009333333333333341,Monthly
494,User_494,34,Male,Location_94,2023-12-15,0.9963034825870647,Food,-1.972,Weekly
495,User_495,66,Male,Location_95,2023-05-10,0.994465549348231,Clothing,-0.486,Monthly
496,User_496,65,Female,Location_96,2023-09-09,0.994138067061144,Food,0.4056,Monthly
497,User_497,28,Male,Location_97,2023-07-10,0.9959946091644205,Books,0.257,Daily
498,User_498,63,Male,Location_98,2023-06-21,0.9966380090497737,Electronics,0.257,Weekly
499,User_499,58,Male,Location_99,2023-04-09,0.9967765726681128,Home & Garden,-0.486,Daily
500,User_500,48,Female,Location_0,2023-03-11,0.996675615212528,Home & Garden,-1.972,Weekly
501,User_501,45,Male,Location_1,2023-11-15,0.9628500000000001,Electronics,0.257,Weekly
502,User_502,61,Female,Location_2,2023-04-16,0.9961402597402598,Electronics,-1.972,Monthly
503,User_503,49,Male,Location_3,2023-04-22,0.9716952380952382,Books,-1.972,Daily
504,User_504,38,Female,Location_4,2023-08-20,0.7523333333333334,Books,0.009333333333333341,Monthly
505,User_505,24,Male,Location_5,2023-02-07,0.9942625482625483,Electronics,-0.486,Daily
506,User_506,27,Male,Location_6,2023-06-15,0.9894982332155478,Books,-0.486,Monthly
507,User_507,45,Female,Location_7,2023-05-17,0.9882063492063492,Clothing,-0.486,Weekly
508,User_508,65,Female,Location_8,2023-12-14,0.9964744958481614,Home & Garden,0.4056,Weekly
509,User_509,53,Female,Location_9,2023-12-30,0.9825176470588235,Books,-0.486,Weekly
510,User_510,37,Male,Location_10,2023-06-18,0.9873531914893616,Books,0.257,Daily
511,User_511,30,Female,Location_11,2023-05-25,0.9931203703703704,Books,0.257,Weekly
512,User_512,36,Male,Location_12,2023-05-17,0.9949627118644068,Electronics,-0.486,Daily
513,User_513,67,Female,Location_13,2023-09-23,0.9965917431192661,Clothing,0.257,Monthly
514,User_514,28,Male,Location_14,2023-01-04,0.9889925925925926,Books,0.009333333333333341,Monthly
515,User_515,52,Male,Location_15,2023-07-28,0.9913855072463769,Clothing,0.4056,Monthly
516,User_516,51,Male,Location_16,2023-07-30,0.9783065693430656,Clothing,0.4056,Weekly
517,User_517,61,Female,Location_17,2023-08-09,0.989644599303136,Electronics,-1.972,Daily
518,User_518,21,Male,Location_18,2023-03-02,0.9966941045606229,Books,-1.972,Weekly
519,User_519,30,Female,Location_19,2023-02-07,0.9921994750656169,Clothing,0.4056,Weekly
520,User_520,54,Male,Location_20,2023-01-22,0.9734642857142858,Books,-0.486,Weekly
521,User_521,19,Male,Location_21,2023-12-29,0.9962284263959391,Books,-0.486,Daily
522,User_522,67,Male,Location_22,2023-09-11,0.9894609929078015,Food,0.009333333333333341,Daily
523,User_523,18,Male,Location_23,2023-12-21,0.7523333333333334,Home & Garden,0.4056,Weekly
524,User_524,57,Female,Location_24,2023-02-22,0.9963932038834952,Books,0.257,Weekly
525,User_525,42,Male,Location_25,2023-08-11,0.9958199718706048,Electronics,0.257,Daily
526,User_526,54,Male,Location_26,2023-08-23,0.9838478260869564,Home & Garden,-1.972,Weekly
527,User_527,53,Female,Location_27,2023-07-28,0.9752333333333334,Electronics,0.4056,Daily
528,User_528,23,Male,Location_28,2023-10-26,0.9900268456375839,Electronics,-1.972,Monthly
529,User_529,24,Female,Location_29,2023-11-06,0.9876680497925311,Electronics,0.009333333333333341,Monthly
530,User_530,21,Female,Location_30,2023-06-12,0.9968008611410119,Food,-1.972,Weekly
531,User_531,52,Male,Location_31,2023-10-14,0.9958199718706048,Home & Garden,0.009333333333333341,Daily
532,User_532,58,Male,Location_32,2023-03-06,0.9924759493670886,Electronics,0.4056,Daily
533,User_533,51,Female,Location_33,2023-10-03,0.9901589403973511,Food,0.009333333333333341,Weekly
534,User_534,46,Female,Location_34,2023-10-14,0.9965720876585928,Home & Garden,-1.972,Weekly
535,User_535,22,Female,Location_35,2023-05-21,0.989153284671533,Electronics,0.4056,Daily
536,User_536,44,Female,Location_36,2023-12-21,0.9947768014059755,Electronics,-1.972,Monthly
537,User_537,50,Female,Location_37,2023-08-21,0.9965799769850403,Books,0.257,Weekly
538,User_538,63,Female,Location_38,2023-06-29,0.7028000000000001,Home & Garden,-0.486,Daily
539,User_539,69,Female,Location_39,2023-10-25,0.9828208092485549,Clothing,0.009333333333333341,Monthly
540,User_540,27,Female,Location_40,2023-02-20,0.9174444444444444,Electronics,0.009333333333333341,Weekly
541,User_541,23,Male,Location_41,2023-11-30,0.9851399999999999,Electronics,-0.486,Monthly
542,User_542,51,Female,Location_42,2023-03-14,0.9966569178852643,Electronics,0.009333333333333341,Monthly
543,User_543,25,Male,Location_43,2023-07-14,0.9968977035490606,Books,0.009333333333333341,Weekly
544,User_544,48,Male,Location_44,2023-08-29,0.995577380952381,Books,0.257,Daily
545,User_545,26,Female,Location_45,2023-02-19,0.9956358296622614,Books,0.4056,Daily
546,User_546,38,Female,Location_46,2023-11-17,0.9954347158218126,Home & Garden,0.009333333333333341,Daily
547,User_547,25,Male,Location_47,2023-03-22,0.9965878300803674,Food,0.257,Monthly
548,User_548,21,Male,Location_48,2023-04-26,0.9889516728624536,Home & Garden,0.009333333333333341,Monthly
549,User_549,39,Female,Location_49,2023-07-30,0.9889516728624536,Food,0.4056,Monthly
550,User_550,45,Female,Location_50,2023-05-15,0.9918351648351649,Clothing,0.257,Weekly
551,User_551,62,Female,Location_51,2023-03-24,0.9764126984126985,Home & Garden,0.009333333333333341,Weekly
552,User_552,21,Female,Location_52,2023-12-03,0.982919540229885,Electronics,0.257,Weekly
553,User_553,56,Male,Location_53,2023-08-28,0.9931834862385321,Clothing,-0.486,Monthly
554,User_554,38,Male,Location_54,2023-10-21,0.9920957446808512,Electronics,0.009333333333333341,Weekly
555,User_555,25,Male,Location_55,2023-10-18,0.9009333333333333,Food,-1.972,Weekly
556,User_556,37,Male,Location_56,2023-09-26,0.9877695473251028,Books,0.4056,Monthly
557,User_557,49,Male,Location_57,2023-06-09,0.9792167832167832,Food,0.009333333333333341,Monthly
558,User_558,18,Male,Location_58,2023-11-24,0.9959728997289973,Home & Garden,0.009333333333333341,Monthly
559,User_559,23,Male,Location_59,2023-04-09,0.9680430107526883,Clothing,-1.972,Daily
560,User_560,45,Female,Location_60,2023-04-30,0.9957784090909091,Clothing,0.257,Weekly
561,User_561,61,Female,Location_61,2023-01-21,0.9960426098535287,Clothing,0.4056,Weekly
562,User_562,48,Female,Location_62,2023-11-30,0.9889516728624536,Food,-1.972,Monthly
563,User_563,27,Female,Location_63,2023-07-07,0.996548199767712,Home & Garden,0.4056,Monthly
564,User_564,37,Male,Location_64,2023-11-22,0.9815403726708074,Books,0.009333333333333341,Daily
565,User_565,25,Male,Location_65,2023-06-17,0.9487586206896551,Clothing,0.4056,Weekly
566,User_566,39,Female,Location_66,2023-03-21,0.9965917431192661,Books,0.257,Monthly
567,User_567,55,Male,Location_67,2023-08-04,0.9956294117647059,Clothing,-0.486,Daily
568,User_568,46,Male,Location_68,2023-08-31,0.9869074889867842,Clothing,0.4056,Weekly
569,User_569,26,Male,Location_69,2023-10-18,0.9967447973713034,Food,-0.486,Monthly
570,User_570,61,Male,Location_70,2023-03-16,0.9968649789029536,Electronics,0.257,Weekly
571,User_571,64,Female,Location_71,2023-10-30,0.9955105740181269,Clothing,-1.972,Daily
572,User_572,18,Female,Location_72,2023-04-16,0.9943498098859316,Electronics,0.4056,Weekly
573,User_573,58,Female,Location_73,2023-07-08,0.988112,Food,0.4056,Daily
574,User_574,69,Female,Location_74,2023-07-28,0.9968145766345123,Clothing,0.4056,Monthly
575,User_575,56,Male,Location_75,2023-06-24,0.9861121495327102,Home & Garden,0.4056,Daily
576,User_576,43,Female,Location_76,2023-02-18,0.995304897314376,Clothing,-0.486,Monthly
577,User_577,28,Male,Location_77,2023-10-02,0.9958950276243094,Clothing,0.257,Daily
578,User_578,69,Female,Location_78,2023-09-12,0.9961602067183463,Home & Garden,-0.486,Weekly
579,User_579,52,Male,Location_79,2023-06-04,0.9931990846681923,Home & Garden,0.009333333333333341,Monthly
580,User_580,41,Female,Location_80,2023-01-06,0.9957724039829303,Clothing,0.009333333333333341,Daily
581,User_581,50,Male,Location_81,2023-10-03,0.988016129032258,Books,-1.972,Weekly
582,User_582,37,Male,Location_82,2023-12-06,0.9954969696969698,Food,-1.972,Weekly
583,User_583,44,Male,Location_83,2023-10-20,0.9961150326797386,Books,0.4056,Daily
584,User_584,32,Male,Location_84,2023-05-23,0.9439245283018868,Clothing,0.009333333333333341,Weekly
585,User_585,50,Male,Location_85,2023-01-16,0.9962091836734694,Electronics,-0.486,Monthly
586,User_586,69,Male,Location_86,2023-04-03,0.995877947295423,Home & Garden,0.257,Weekly
587,User_587,24,Male,Location_87,2023-06-16,0.9943065134099617,Home & Garden,0.009333333333333341,Weekly
588,User_588,51,Male,Location_88,2023-02-23,0.9948132635253054,Electronics,0.009333333333333341,Daily
589,User_589,62,Male,Location_89,2023-03-16,0.9956549707602339,Food,-0.486,Monthly
590,User_590,68,Female,Location_90,2023-06-14,0.9965995423340961,Food,0.009333333333333341,Daily
591,User_591,63,Female,Location_91,2023-05-26,0.9099393939393939,Clothing,-0.486,Monthly
592,User_592,59,Female,Location_92,2023-03-04,0.9935109170305677,Clothing,-0.486,Monthly
593,User_593,22,Female,Location_93,2023-11-14,0.995877947295423,Home & Garden,-0.486,Weekly
594,User_594,47,Female,Location_94,2023-09-06,0.9968247863247863,Electronics,-0.486,Weekly
595,User_595,45,Male,Location_95,2023-10-26,0.9962663316582915,Electronics,0.009333333333333341,Weekly
596,User_596,35,Female,Location_96,2023-08-31,0.9963308641975309,Books,0.009333333333333341,Weekly
597,User_597,53,Female,Location_97,2023-06-16,0.7523333333333334,Food,0.257,Daily
598,User_598,20,Male,Location_98,2023-02-17,0.9956802325581395,Food,-1.972,Daily
599,User_599,38,Female,Location_99,2023-03-14,0.9893093525179857,Clothing,0.257,Monthly
600,User_600,63,Female,Location_0,2023-12-27,0.9949283276450512,Clothing,-0.486,Weekly
601,User_601,33,Male,Location_1,2023-09-26,0.996712389380531,Food,0.4056,Monthly
602,User_602,54,Female,Location_2,2023-11-07,0.9961602067183463,Books,0.257,Daily
603,User_603,59,Female,Location_3,2023-11-24,0.9637560975609757,Clothing,0.4056,Weekly
604,User_604,22,Male,Location_4,2023-11-13,0.9961946222791294,Clothing,0.4056,Weekly
605,User_605,67,Male,Location_5,2023-04-12,0.9926977886977888,Books,0.009333333333333341,Weekly
606,User_606,68,Male,Location_6,2023-09-01,0.996712389380531,Home & Garden,-0.486,Daily
607,User_607,31,Male,Location_7,2023-06-22,0.9970160642570282,Food,-1.972,Monthly
608,User_608,48,Female,Location_8,2023-02-13,0.9789219858156027,Electronics,-1.972,Weekly
609,User_609,63,Female,Location_9,2023-10-31,0.9876166666666666,Electronics,-1.972,Weekly
610,User_610,41,Female,Location_10,2023-12-16,0.993594827586207,Electronics,-1.972,Monthly
611,User_611,52,Male,Location_11,2023-06-26,0.995469512195122,Electronics,-1.972,Monthly
612,User_612,53,Female,Location_12,2023-06-21,0.9928212560386473,Electronics,0.4056,Monthly
613,User_613,27,Male,Location_13,2023-04-09,0.996444976076555,Home & Garden,0.4056,Weekly
614,User_614,44,Female,Location_14,2023-12-12,0.7523333333333334,Food,0.4056,Weekly
615,User_615,44,Male,Location_15,2023-09-23,0.9970010090817356,Clothing,-0.486,Weekly
616,User_616,40,Female,Location_16,2023-04-06,0.9839351351351351,Electronics,0.257,Monthly
617,User_617,30,Female,Location_17,2023-09-03,0.9942955854126679,Books,0.009333333333333341,Weekly
618,User_618,33,Male,Location_18,2023-11-10,0.9957663817663818,Electronics,0.4056,Daily
619,User_619,52,Male,Location_19,2023-07-28,0.9948758620689655,Home & Garden,-0.486,Weekly
620,User_620,44,Male,Location_20,2023-04-06,0.9752333333333334,Food,-0.486,Monthly
621,User_621,69,Female,Location_21,2023-09-09,0.9950794701986755,Books,0.009333333333333341,Daily
622,User_622,56,Female,Location_22,2023-05-08,0.9887424242424243,Electronics,-1.972,Monthly
623,User_623,64,Male,Location_23,2023-02-28,0.9950631229235881,Home & Garden,-0.486,Weekly
624,User_624,34,Male,Location_24,2023-11-30,0.9907987616099072,Electronics,0.257,Daily
625,User_625,65,Male,Location_25,2023-04-27,0.9957113997113998,Electronics,0.257,Weekly
626,User_626,58,Male,Location_26,2023-01-19,0.9900602006688964,Books,0.257,Monthly
627,User_627,18,Female,Location_27,2023-04-14,0.994056,Home & Garden,-0.486,Weekly
628,User_628,28,Male,Location_28,2023-06-14,0.9623797468354431,Food,-0.486,Weekly
629,User_629,29,Male,Location_29,2023-09-03,0.9871341991341991,Home & Garden,-0.486,Monthly
630,User_630,31,Female,Location_30,2023-10-28,0.9666067415730337,Food,-0.486,Monthly
631,User_631,25,Female,Location_31,2023-10-18,0.969979797979798,Food,0.257,Weekly
632,User_632,48,Male,Location_32,2023-01-23,0.9940914512922465,Food,0.009333333333333341,Monthly
633,User_633,24,Female,Location_33,2023-06-17,0.9897517241379311,Food,0.009333333333333341,Weekly
634,User_634,63,Male,Location_34,2023-03-11,0.991879781420765,Home & Garden,-0.486,Weekly
635,User_635,48,Female,Location_35,2023-06-27,0.9958140845070422,Books,0.257,Daily
636,User_636,33,Female,Location_36,2023-11-26,0.9966941045606229,Food,0.009333333333333341,Weekly
637,User_637,59,Male,Location_37,2023-10-31,0.9964703087885985,Clothing,0.257,Weekly
638,User_638,56,Female,Location_38,2023-02-17,0.9934681318681319,Food,-0.486,Monthly
639,User_639,61,Male,Location_39,2023-10-17,0.9658390804597702,Clothing,-0.486,Daily
640,User_640,36,Male,Location_40,2023-12-14,0.994434456928839,Electronics,0.4056,Daily
641,User_641,25,Female,Location_41,2023-12-31,0.9958722222222223,Food,-0.486,Daily
642,User_642,46,Female,Location_42,2023-06-03,0.9758373983739838,Clothing,0.257,Weekly
643,User_643,19,Male,Location_43,2023-06-10,0.9947950963222417,Food,-0.486,Daily
644,User_644,59,Female,Location_44,2023-10-03,0.9789219858156027,Home & Garden,-1.972,Daily
645,User_645,20,Female,Location_45,2023-09-11,0.9968315565031983,Books,0.4056,Monthly
646,User_646,68,Female,Location_46,2023-09-16,0.9762240000000001,Electronics,-0.486,Monthly
647,User_647,46,Male,Location_47,2023-08-05,0.9957482117310443,Books,-0.486,Weekly
648,User_648,32,Female,Location_48,2023-10-15,0.9960320427236315,Books,0.4056,Weekly
649,User_649,55,Female,Location_49,2023-04-07,0.9926977886977888,Home & Garden,-1.972,Weekly
650,User_650,45,Male,Location_50,2023-10-26,0.9650352941176471,Clothing,0.4056,Monthly
651,User_651,54,Female,Location_51,2023-01-05,0.8899259259259259,Electronics,0.257,Daily
652,User_652,49,Male,Location_52,2023-04-15,0.9618974358974359,Books,0.257,Daily
653,User_653,47,Male,Location_53,2023-12-06,0.9938212058212058,Food,-1.972,Daily
654,User_654,68,Male,Location_54,2023-06-24,0.9905047923322684,Clothing,-0.486,Monthly
655,User_655,64,Male,Location_55,2023-05-09,0.9912588235294119,Electronics,0.4056,Monthly
656,User_656,47,Female,Location_56,2023-12-19,0.9931203703703704,Books,0.009333333333333341,Monthly
657,User_657,68,Male,Location_57,2023-03-06,0.9953416927899686,Books,-1.972,Monthly
658,User_658,51,Male,Location_58,2023-11-06,0.9883450980392157,Clothing,0.4056,Daily
659,User_659,30,Male,Location_59,2023-11-04,0.9966227272727273,Food,0.4056,Daily
660,User_660,50,Female,Location_60,2023-12-15,0.9932760180995476,Books,-1.972,Monthly
661,User_661,59,Male,Location_61,2023-06-01,0.994673835125448,Home & Garden,0.009333333333333341,Monthly
662,User_662,34,Male,Location_62,2023-01-15,0.9938973305954826,Home & Garden,0.257,Daily
663,User_663,20,Male,Location_63,2023-05-26,0.9962988792029888,Clothing,0.257,Weekly
664,User_664,26,Male,Location_64,2023-06-10,0.9946642728904848,Electronics,-0.486,Weekly
665,User_665,69,Male,Location_65,2023-03-25,0.9936086021505377,Clothing,-0.486,Monthly
666,User_666,28,Male,Location_66,2023-04-03,0.9969360824742268,Clothing,0.257,Monthly
667,User_667,66,Male,Location_67,2023-06-19,0.9964703087885985,Electronics,0.009333333333333341,Weekly
668,User_668,44,Male,Location_68,2023-11-19,0.8348888888888889,Electronics,-1.972,Monthly
669,User_669,45,Male,Location_69,2023-05-24,0.996945529290853,Electronics,0.4056,Weekly
670,User_670,19,Male,Location_70,2023-08-29,0.9962091836734694,Food,-0.486,Daily
671,User_671,18,Male,Location_71,2023-01-18,0.9732252252252253,Books,0.257,Daily
672,User_672,23,Male,Location_72,2023-02-07,0.9925885286783043,Clothing,0.4056,Monthly
673,User_673,42,Female,Location_73,2023-06-29,0.9968944618599791,Home & Garden,-1.972,Weekly
674,User_674,52,Female,Location_74,2023-03-24,0.9936900212314226,Electronics,-1.972,Monthly
675,User_675,33,Male,Location_75,2023-12-26,0.9676956521739131,Electronics,-0.486,Monthly
676,User_676,21,Female,Location_76,2023-07-04,0.9923005181347151,Electronics,-0.486,Daily
677,User_677,64,Female,Location_77,2023-12-06,0.9944860853432282,Books,0.009333333333333341,Weekly
678,User_678,55,Female,Location_78,2023-08-31,0.9961946222791294,Home & Garden,-1.972,Weekly
679,User_679,61,Male,Location_79,2023-06-12,0.9781470588235294,Clothing,0.257,Monthly
680,User_680,37,Female,Location_80,2023-03-14,0.989153284671533,Books,-1.972,Daily
681,User_681,42,Female,Location_81,2023-09-30,0.947859649122807,Food,-1.972,Weekly
682,User_682,24,Male,Location_82,2023-12-12,0.9947398230088496,Home & Garden,0.009333333333333341,Weekly
683,User_683,38,Female,Location_83,2023-05-26,0.9958199718706048,Home & Garden,-1.972,Monthly
684,User_684,24,Female,Location_84,2023-08-03,0.9961946222791294,Food,0.257,Daily
685,User_685,46,Female,Location_85,2023-06-30,0.9904129032258066,Clothing,0.009333333333333341,Weekly
686,User_686,69,Female,Location_86,2023-08-17,0.9650352941176471,Home & Garden,-1.972,Daily
687,User_687,24,Male,Location_87,2023-08-26,0.9905650793650794,Electronics,-0.486,Monthly
688,User_688,20,Female,Location_88,2023-09-21,0.9504666666666667,Clothing,0.4056,Monthly
689,User_689,46,Male,Location_89,2023-11-12,0.9799189189189189,Books,-1.972,Weekly
690,User_690,46,Female,Location_90,2023-11-24,0.9835801104972375,Food,0.257,Daily
691,User_691,56,Female,Location_91,2023-04-24,0.995923182441701,Electronics,0.257,Weekly
692,User_692,55,Female,Location_92,2023-11-25,0.9970190571715145,Electronics,-0.486,Weekly
693,User_693,23,Female,Location_93,2023-08-21,0.9734642857142858,Electronics,-1.972,Daily
694,User_694,63,Female,Location_94,2023-11-03,0.9949109589041096,Books,-1.972,Monthly
695,User_695,27,Male,Location_95,2023-03-20,0.9939716024340771,Electronics,-1.972,Daily
696,User_696,54,Male,Location_96,2023-01-21,0.9914597701149426,Home & Garden,0.257,Daily
697,User_697,31,Male,Location_97,2023-06-12,0.9961651612903226,Electronics,0.009333333333333341,Weekly
698,User_698,39,Female,Location_98,2023-08-09,0.990939024390244,Clothing,0.009333333333333341,Monthly
699,User_699,49,Male,Location_99,2023-12-01,0.9922402088772847,Home & Garden,-0.486,Monthly
700,User_700,35,Female,Location_0,2023-07-26,0.9930722610722611,Electronics,0.257,Weekly
701,User_701,53,Male,Location_1,2023-10-09,0.9915327635327635,Books,0.4056,Weekly
702,User_702,63,Male,Location_2,2023-10-03,0.9968179871520343,Electronics,-0.486,Monthly
703,User_703,69,Male,Location_3,2023-11-23,0.9969202072538861,Books,0.009333333333333341,Weekly
704,User_704,26,Female,Location_4,2023-05-01,0.9873531914893616,Home & Garden,0.4056,Daily
705,User_705,43,Male,Location_5,2023-07-07,0.969979797979798,Home & Garden,-0.486,Daily
706,User_706,39,Female,Location_6,2023-10-19,0.9936495726495727,Home & Garden,-0.486,Weekly
707,User_707,63,Male,Location_7,2023-03-13,0.9943173996175909,Home & Garden,0.257,Daily
708,User_708,55,Female,Location_8,2023-10-25,0.9942403100775195,Books,-1.972,Weekly
709,User_709,40,Female,Location_9,2023-11-23,0.9928385542168675,Clothing,0.009333333333333341,Monthly
710,User_710,34,Female,Location_10,2023-08-27,0.9968077336197637,Books,0.009333333333333341,Weekly
711,User_711,43,Female,Location_11,2023-06-08,0.9954969696969698,Books,-1.972,Monthly
712,User_712,64,Female,Location_12,2023-12-19,0.9953707165109035,Electronics,0.4056,Weekly
713,User_713,55,Female,Location_13,2023-07-22,0.993167816091954,Electronics,0.4056,Weekly
714,User_714,19,Female,Location_14,2023-01-07,0.8707826086956522,Books,0.4056,Daily
715,User_715,23,Female,Location_15,2023-02-04,0.9957603423680457,Food,-1.972,Daily
716,User_716,24,Female,Location_16,2023-02-25,0.9910481927710844,Clothing,0.257,Daily
717,User_717,30,Female,Location_17,2023-10-11,0.9864909090909091,Home & Garden,0.257,Daily
718,User_718,44,Male,Location_18,2023-06-12,0.9866126126126126,Home & Garden,-0.486,Weekly
719,User_719,28,Female,Location_19,2023-07-06,0.9954764079147641,Home & Garden,0.009333333333333341,Daily
720,User_720,32,Male,Location_20,2023-07-23,0.9963667481662591,Electronics,-1.972,Weekly
721,User_721,26,Male,Location_21,2023-10-13,0.9907701863354038,Electronics,0.257,Weekly
722,User_722,25,Female,Location_22,2023-12-04,0.9915327635327635,Clothing,0.009333333333333341,Monthly
723,User_723,63,Male,Location_23,2023-01-09,0.9367659574468085,Clothing,0.4056,Weekly
724,User_724,23,Female,Location_24,2023-12-24,0.9932454545454545,Books,-1.972,Daily
725,User_725,65,Female,Location_25,2023-08-09,0.986552036199095,Electronics,0.009333333333333341,Monthly
726,User_726,60,Male,Location_26,2023-05-06,0.9938595041322315,Home & Garden,0.257,Monthly
727,User_727,21,Female,Location_27,2023-05-10,0.9957843971631206,Books,0.4056,Monthly
728,User_728,28,Male,Location_28,2023-05-26,0.9925700000000001,Food,-0.486,Weekly
729,User_729,68,Male,Location_29,2023-08-01,0.9943065134099617,Food,-0.486,Daily
730,User_730,45,Male,Location_30,2023-01-16,0.9926069651741294,Clothing,-0.486,Monthly
731,User_731,43,Male,Location_31,2023-08-31,0.995956462585034,Electronics,0.257,Weekly
732,User_732,21,Female,Location_32,2023-09-22,0.9923598971722366,Electronics,-1.972,Weekly
733,User_733,32,Female,Location_33,2023-06-28,0.9880642570281124,Food,0.009333333333333341,Monthly
734,User_734,36,Female,Location_34,2023-11-03,0.9956739446870452,Clothing,0.257,Daily
735,User_735,23,Male,Location_35,2023-06-29,0.996945529290853,Clothing,0.009333333333333341,Weekly
736,User_736,22,Female,Location_36,2023-04-02,0.9957298850574713,Electronics,0.257,Monthly
737,User_737,35,Male,Location_37,2023-12-20,0.9960583554376659,Electronics,0.4056,Weekly
738,User_738,23,Male,Location_38,2023-03-24,0.993167816091954,Food,0.257,Daily
739,User_739,48,Male,Location_39,2023-12-22,0.9965839080459771,Home & Garden,-0.486,Daily
740,User_740,42,Male,Location_40,2023-04-04,0.9592876712328768,Clothing,-1.972,Daily
741,User_741,21,Male,Location_41,2023-03-24,0.9556417910447762,Electronics,0.009333333333333341,Daily
742,User_742,23,Male,Location_42,2023-08-30,0.9952218649517686,Clothing,0.4056,Weekly
743,User_743,58,Female,Location_43,2023-04-14,0.9947023172905526,Home & Garden,-0.486,Daily
744,User_744,54,Female,Location_44,2024-01-01,0.9958433566433567,Food,0.4056,Monthly
745,User_745,67,Female,Location_45,2023-12-25,0.9933213483146068,Home & Garden,0.009333333333333341,Daily
746,User_746,42,Male,Location_46,2023-08-01,0.9958199718706048,Food,0.257,Daily
747,User_747,51,Male,Location_47,2023-10-26,0.9920746666666668,Clothing,-1.972,Monthly
748,User_748,36,Female,Location_48,2023-02-20,0.9958664812239222,Books,-0.486,Daily
749,User_749,51,Female,Location_49,2023-04-28,0.9969170124481328,Clothing,-1.972,Daily
750,User_750,32,Female,Location_50,2023-06-02,0.9965799769850403,Books,0.009333333333333341,Monthly
751,User_751,67,Male,Location_51,2023-09-10,0.9917673130193906,Clothing,0.4056,Daily
752,User_752,25,Female,Location_52,2023-04-30,0.9968583509513742,Home & Garden,-1.972,Weekly
753,User_753,61,Female,Location_53,2023-06-15,0.9641927710843374,Food,0.4056,Weekly
754,User_754,64,Male,Location_54,2023-09-12,0.9957724039829303,Clothing,-1.972,Daily
755,User_755,66,Male,Location_55,2023-07-19,0.9966904231625835,Electronics,0.009333333333333341,Weekly
756,User_756,70,Female,Location_56,2023-07-21,0.994381852551985,Food,0.4056,Monthly
757,User_757,51,Female,Location_57,2023-10-25,0.9918575342465754,Home & Garden,-1.972,Weekly
758,User_758,35,Male,Location_58,2023-10-02,0.9968814270724029,Clothing,-1.972,Daily
759,User_759,47,Male,Location_59,2023-04-07,0.9958664812239222,Food,0.009333333333333341,Daily
760,User_760,30,Male,Location_60,2023-08-13,0.995698986975398,Electronics,0.4056,Daily
761,User_761,64,Male,Location_61,2023-02-07,0.9963126550868486,Food,-1.972,Daily
762,User_762,50,Female,Location_62,2023-08-20,0.988390625,Clothing,-0.486,Monthly
763,User_763,52,Female,Location_63,2023-01-16,0.9966977777777778,Electronics,0.009333333333333341,Daily
764,User_764,69,Female,Location_64,2023-08-14,0.9965561993047509,Clothing,-1.972,Monthly
765,User_765,41,Female,Location_65,2023-09-25,0.9962332065906211,Books,0.009333333333333341,Monthly
766,User_766,43,Female,Location_66,2023-05-14,0.9943390476190477,Food,0.257,Daily
767,User_767,64,Male,Location_67,2023-12-16,0.9895352112676057,Electronics,-1.972,Weekly
768,User_768,68,Male,Location_68,2023-04-15,0.9968416578108396,Clothing,-0.486,Weekly
769,User_769,61,Female,Location_69,2023-11-22,0.9469285714285715,Books,0.257,Weekly
770,User_770,70,Male,Location_70,2023-07-04,0.991989218328841,Clothing,0.009333333333333341,Daily
771,User_771,59,Female,Location_71,2023-03-29,0.9808258064516129,Clothing,0.4056,Weekly
772,User_772,64,Female,Location_72,2023-01-09,0.9754380165289257,Food,0.4056,Monthly
773,User_773,18,Female,Location_73,2023-12-09,0.9819878787878787,Food,0.009333333333333341,Weekly
774,User_774,30,Female,Location_74,2023-04-25,0.9535625,Books,0.4056,Monthly
775,User_775,27,Male,Location_75,2023-05-11,0.995304897314376,Food,0.4056,Weekly
776,User_776,36,Female,Location_76,2023-06-28,0.9958893499308438,Electronics,-0.486,Monthly
777,User_777,22,Female,Location_77,2023-11-28,0.9928038740920098,Books,0.257,Weekly
778,User_778,25,Female,Location_78,2023-01-22,0.9857799043062201,Food,-1.972,Weekly
779,User_779,21,Male,Location_79,2023-10-17,0.9949881956155143,Home & Garden,0.257,Monthly
780,User_780,66,Female,Location_80,2023-12-15,0.9966188850967008,Electronics,0.009333333333333341,Weekly
781,User_781,30,Male,Location_81,2023-09-28,0.9931990846681923,Clothing,-0.486,Weekly
782,User_782,55,Male,Location_82,2023-11-14,0.9968715789473684,Electronics,0.009333333333333341,Weekly
783,User_783,70,Female,Location_83,2023-03-14,0.9952974683544304,Electronics,0.257,Daily
784,User_784,63,Male,Location_84,2024-01-01,0.9957298850574713,Electronics,-0.486,Daily
785,User_785,66,Male,Location_85,2023-09-10,0.9956549707602339,Home & Garden,-0.486,Weekly
786,User_786,63,Female,Location_86,2023-01-02,0.9956486090775989,Electronics,0.257,Weekly
787,User_787,36,Female,Location_87,2023-12-28,0.9646190476190477,Home & Garden,-1.972,Daily
788,User_788,69,Male,Location_88,2023-09-28,0.9922805194805195,Home & Garden,0.257,Monthly
789,User_789,67,Female,Location_89,2023-08-27,0.996491145218418,Food,-0.486,Weekly
790,User_790,25,Male,Location_90,2023-12-22,0.9938847736625515,Home & Garden,-0.486,Weekly
791,User_791,44,Female,Location_91,2023-03-22,0.9963932038834952,Home & Garden,-1.972,Monthly
792,User_792,67,Female,Location_92,2023-01-13,0.9968315565031983,Books,-1.972,Monthly
793,User_793,64,Female,Location_93,2023-01-05,0.986552036199095,Home & Garden,0.009333333333333341,Monthly
794,User_794,47,Male,Location_94,2023-05-06,0.9931362586605081,Electronics,0.009333333333333341,Weekly
795,User_795,21,Male,Location_95,2023-12-19,0.9929905660377359,Clothing,-0.486,Monthly
796,User_796,28,Male,Location_96,2023-04-01,0.987244635193133,Home & Garden,0.009333333333333341,Monthly
797,User_797,38,Female,Location_97,2023-11-21,0.9966569178852643,Home & Garden,-1.972,Daily
798,User_798,60,Male,Location_98,2023-06-11,0.9839351351351351,Food,0.009333333333333341,Monthly
799,User_799,19,Female,Location_99,2023-11-11,0.996723263506064,Food,0.009333333333333341,Weekly
800,User_800,38,Female,Location_0,2023-09-16,0.9968315565031983,Electronics,-0.486,Weekly
801,User_801,34,Male,Location_1,2023-08-10,0.996712389380531,Books,0.257,Daily
802,User_802,60,Female,Location_2,2023-05-04,0.9739298245614035,Home & Garden,0.257,Weekly
803,User_803,68,Male,Location_3,2023-12-18,0.9921583113456465,Clothing,0.4056,Weekly
804,User_804,46,Female,Location_4,2023-07-21,0.9958316970546985,Home & Garden,0.4056,Daily
805,User_805,44,Male,Location_5,2023-09-09,0.9769612403100776,Books,-0.486,Monthly
806,User_806,41,Female,Location_6,2023-08-22,0.990443729903537,Books,-0.486,Monthly
807,User_807,70,Female,Location_7,2023-03-04,0.98460103626943,Clothing,0.257,Weekly
808,User_808,66,Male,Location_8,2023-03-02,0.9752333333333334,Electronics,-0.486,Daily
809,User_809,20,Male,Location_9,2023-04-22,0.9966830357142857,Home & Garden,-1.972,Monthly
810,User_810,56,Female,Location_10,2023-03-07,0.9909939393939394,Home & Garden,-0.486,Weekly
811,User_811,27,Male,Location_11,2023-10-24,0.9966188850967008,Food,0.009333333333333341,Monthly
812,User_812,20,Female,Location_12,2023-01-06,0.9937954070981211,Electronics,-0.486,Weekly
813,User_813,70,Female,Location_13,2023-04-04,0.995577380952381,Clothing,0.257,Monthly
814,User_814,62,Female,Location_14,2023-04-04,0.9929406175771972,Home & Garden,-1.972,Monthly
815,User_815,59,Female,Location_15,2023-04-10,0.8018666666666667,Books,0.4056,Weekly
816,User_816,43,Female,Location_16,2023-12-27,0.9966493799323562,Electronics,-1.972,Monthly
817,User_817,54,Male,Location_17,2023-10-26,0.9339555555555555,Books,-1.972,Weekly
818,User_818,44,Male,Location_18,2023-07-19,0.9966493799323562,Books,0.009333333333333341,Daily
819,User_819,22,Male,Location_19,2023-04-02,0.9963444034440344,Home & Garden,-1.972,Monthly
820,User_820,59,Female,Location_20,2023-09-29,0.9953993808049536,Clothing,-0.486,Daily
821,User_821,28,Male,Location_21,2023-03-20,0.9952523961661343,Clothing,0.257,Weekly
822,User_822,30,Male,Location_22,2023-11-15,0.9855024390243902,Clothing,-1.972,Monthly
823,User_823,58,Male,Location_23,2023-03-30,0.9820963855421686,Home & Garden,-1.972,Monthly
824,User_824,51,Female,Location_24,2023-11-07,0.9951517128874389,Food,-0.486,Monthly
825,User_825,55,Male,Location_25,2023-02-05,0.9961552393272963,Clothing,-1.972,Daily
826,User_826,57,Male,Location_26,2023-09-15,0.97978231292517,Books,0.4056,Monthly
827,User_827,50,Male,Location_27,2023-12-01,0.9903818770226538,Books,-1.972,Monthly
828,User_828,51,Female,Location_28,2023-10-10,0.9954486983154671,Food,-1.972,Weekly
829,User_829,44,Male,Location_29,2023-10-27,0.9745982905982906,Electronics,-1.972,Monthly
830,User_830,53,Female,Location_30,2023-08-07,0.9967589967284624,Home & Garden,0.4056,Monthly
831,User_831,43,Female,Location_31,2023-07-26,0.9968944618599791,Home & Garden,0.4056,Daily
832,User_832,68,Male,Location_32,2023-04-01,0.9938083333333334,Books,0.4056,Daily
833,User_833,42,Female,Location_33,2023-03-12,0.9952675159235669,Clothing,0.4056,Monthly
834,User_834,36,Male,Location_34,2023-11-01,0.9960687830687831,Clothing,-1.972,Daily
835,User_835,38,Female,Location_35,2023-09-26,0.9790704225352113,Food,-0.486,Monthly
836,User_836,48,Male,Location_36,2023-05-02,0.9956229749631812,Electronics,0.257,Monthly
837,User_837,46,Male,Location_37,2023-05-10,0.9908834355828221,Clothing,0.257,Monthly
838,User_838,26,Female,Location_38,2023-05-24,0.9932146118721462,Clothing,-1.972,Monthly
839,User_839,36,Male,Location_39,2023-09-01,0.7523333333333334,Books,0.009333333333333341,Monthly
840,User_840,43,Female,Location_40,2023-06-25,0.9623797468354431,Clothing,0.257,Daily
841,User_841,42,Male,Location_41,2023-06-11,0.9947768014059755,Home & Garden,0.4056,Weekly
842,User_842,57,Female,Location_42,2023-10-13,0.9861121495327102,Clothing,0.009333333333333341,Monthly
843,User_843,60,Female,Location_43,2023-08-20,0.995544227886057,Clothing,-0.486,Monthly
844,User_844,46,Female,Location_44,2023-03-06,0.9666067415730337,Electronics,0.009333333333333341,Monthly
845,User_845,42,Female,Location_45,2023-07-27,0.9957903682719547,Home & Garden,-0.486,Monthly
846,User_846,36,Female,Location_46,2023-10-17,0.994721136767318,Food,0.009333333333333341,Daily
847,User_847,21,Male,Location_47,2023-07-04,0.9968043010752689,Home & Garden,0.257,Monthly
848,User_848,62,Male,Location_48,2023-10-03,0.995956462585034,Food,0.4056,Weekly
849,User_849,37,Female,Location_49,2023-08-20,0.9952523961661343,Electronics,-0.486,Weekly
850,User_850,63,Male,Location_50,2023-09-03,0.9943390476190477,Electronics,-0.486,Monthly
851,User_851,18,Male,Location_51,2023-08-24,0.9958140845070422,Books,0.009333333333333341,Monthly
852,User_852,28,Female,Location_52,2023-07-31,0.9963932038834952,Electronics,0.4056,Monthly
853,User_853,21,Female,Location_53,2023-05-08,0.9921375661375662,Clothing,-1.972,Weekly
854,User_854,24,Female,Location_54,2023-03-26,0.9824142011834319,Home & Garden,-0.486,Daily
855,User_855,45,Female,Location_55,2023-12-19,0.993594827586207,Food,0.4056,Daily
856,User_856,53,Male,Location_56,2023-05-27,0.9964149577804584,Home & Garden,-1.972,Daily
857,User_857,24,Male,Location_57,2023-10-31,0.9722242990654206,Home & Garden,-0.486,Weekly
858,User_858,37,Female,Location_58,2023-11-05,0.9839351351351351,Home & Garden,0.4056,Weekly
859,User_859,52,Male,Location_59,2023-03-14,0.9892707581227438,Home & Garden,-0.486,Daily
860,User_860,68,Male,Location_60,2023-09-16,0.9966265607264473,Home & Garden,0.257,Monthly
861,User_861,68,Female,Location_61,2023-02-10,0.990939024390244,Electronics,0.4056,Monthly
862,User_862,56,Male,Location_62,2023-03-02,0.995483282674772,Home & Garden,0.009333333333333341,Daily
863,User_863,38,Male,Location_63,2023-12-07,0.9851399999999999,Home & Garden,0.009333333333333341,Daily
864,User_864,61,Female,Location_64,2023-04-08,0.9789219858156027,Food,-1.972,Weekly
865,User_865,18,Male,Location_65,2023-11-10,0.9969073881373569,Home & Garden,0.257,Weekly
866,User_866,54,Male,Location_66,2023-02-09,0.9745982905982906,Home & Garden,-1.972,Weekly
867,User_867,63,Male,Location_67,2023-04-23,0.9964278846153847,Home & Garden,0.009333333333333341,Daily
868,User_868,59,Female,Location_68,2023-10-20,0.9960531208499336,Clothing,0.4056,Daily
869,User_869,20,Female,Location_69,2023-10-21,0.9833966480446927,Clothing,0.257,Monthly
870,User_870,51,Male,Location_70,2023-08-10,0.9907125000000001,Clothing,-0.486,Weekly
871,User_871,30,Female,Location_71,2023-01-15,0.9897869415807561,Home & Garden,-0.486,Monthly
872,User_872,33,Male,Location_72,2023-01-16,0.9966493799323562,Electronics,0.4056,Monthly
873,User_873,51,Female,Location_73,2023-04-22,0.9925700000000001,Clothing,0.009333333333333341,Monthly
874,User_874,41,Male,Location_74,2023-05-17,0.9633086419753087,Books,-1.972,Weekly
875,User_875,30,Female,Location_75,2023-03-13,0.9960583554376659,Clothing,0.009333333333333341,Daily
876,User_876,23,Male,Location_76,2023-07-09,0.9969329205366357,Food,0.4056,Weekly
877,User_877,56,Male,Location_77,2023-06-27,0.9917214484679666,Electronics,0.009333333333333341,Weekly
878,User_878,19,Female,Location_78,2023-12-26,0.9961701030927835,Food,-1.972,Weekly
879,User_879,28,Male,Location_79,2023-09-04,0.9969517948717949,Food,-1.972,Monthly
880,User_880,24,Male,Location_80,2023-12-31,0.9946928571428572,Clothing,0.257,Monthly
881,User_881,24,Female,Location_81,2023-06-24,0.996945529290853,Food,0.257,Monthly
882,User_882,56,Female,Location_82,2023-06-22,0.9891135531135532,Food,0.257,Daily
883,User_883,56,Male,Location_83,2023-08-29,0.9921789473684212,Electronics,0.009333333333333341,Daily
884,User_884,29,Male,Location_84,2023-03-30,0.996868282402529,Clothing,-0.486,Daily
885,User_885,68,Male,Location_85,2023-03-05,0.9968008611410119,Electronics,0.009333333333333341,Daily
886,User_886,39,Female,Location_86,2023-04-20,0.9868495575221239,Home & Garden,-1.972,Weekly
887,User_887,68,Female,Location_87,2023-06-01,0.9963172242874845,Clothing,0.257,Monthly
888,User_888,68,Male,Location_88,2023-07-21,0.9906246056782335,Food,0.4056,Monthly
889,User_889,69,Male,Location_89,2023-07-31,0.9967800650054172,Clothing,-0.486,Weekly
890,User_890,20,Male,Location_90,2023-08-06,0.9957903682719547,Clothing,0.009333333333333341,Weekly
891,User_891,30,Male,Location_91,2023-01-26,0.9903818770226538,Home & Garden,-0.486,Monthly
892,User_892,47,Female,Location_92,2023-05-15,0.9968349307774228,Electronics,0.4056,Monthly
893,User_893,27,Male,Location_93,2023-11-28,0.9964019370460049,Clothing,0.257,Daily
894,User_894,69,Male,Location_94,2023-05-05,0.9959175824175824,Clothing,0.257,Daily
895,User_895,26,Female,Location_95,2023-11-01,0.9966380090497737,Books,-1.972,Weekly
896,User_896,23,Female,Location_96,2023-07-30,0.9931834862385321,Clothing,0.009333333333333341,Monthly
897,User_897,70,Female,Location_97,2023-05-18,0.9959287671232877,Electronics,-1.972,Monthly
898,User_898,61,Female,Location_98,2023-10-20,0.9880642570281124,Books,-0.486,Daily
899,User_899,19,Male,Location_99,2023-02-07,0.9786187050359711,Food,0.4056,Daily
900,User_900,61,Male,Location_0,2023-11-10,0.9920107526881721,Food,0.4056,Monthly
901,User_901,33,Female,Location_1,2023-10-09,0.9948313043478261,Clothing,-1.972,Weekly
902,User_902,30,Female,Location_2,2023-02-17,0.9935109170305677,Electronics,-1.972,Daily
903,User_903,65,Male,Location_3,2023-11-14,0.9961150326797386,Clothing,-0.486,Monthly
904,User_904,30,Male,Location_4,2023-03-08,0.9924376590330789,Food,0.257,Weekly
905,User_905,39,Male,Location_5,2023-08-13,0.9549696969696969,Clothing,0.4056,Monthly
906,User_906,36,Female,Location_6,2023-04-11,0.9805751633986928,Clothing,-1.972,Monthly
907,User_907,43,Female,Location_7,2023-07-30,0.9914104046242775,Food,0.4056,Monthly
908,User_908,31,Female,Location_8,2023-10-03,0.985847619047619,Food,0.257,Weekly
909,User_909,48,Male,Location_9,2023-11-28,0.991989218328841,Books,0.4056,Weekly
910,User_910,46,Male,Location_10,2023-02-09,0.9955641791044776,Books,0.257,Monthly
911,User_911,62,Male,Location_11,2023-11-25,0.9958199718706048,Electronics,0.257,Monthly
912,User_912,59,Female,Location_12,2023-12-26,0.9852139303482587,Electronics,0.009333333333333341,Weekly
913,User_913,39,Female,Location_13,2023-02-21,0.9964278846153847,Food,-0.486,Monthly
914,User_914,24,Male,Location_14,2023-10-08,0.9931990846681923,Electronics,0.4056,Monthly
915,User_915,54,Male,Location_15,2023-12-29,0.9929069212410502,Electronics,0.257,Weekly
916,User_916,66,Female,Location_16,2023-10-18,0.9784637681159419,Books,0.4056,Daily
917,User_917,58,Female,Location_17,2023-05-12,0.9776541353383458,Food,-1.972,Weekly
918,User_918,44,Female,Location_18,2023-04-09,0.9905650793650794,Books,-0.486,Daily
919,User_919,48,Male,Location_19,2023-10-15,0.9931362586605081,Clothing,-0.486,Daily
920,User_920,23,Male,Location_20,2023-06-04,0.9924949494949495,Food,-1.972,Weekly
921,User_921,33,Female,Location_21,2023-03-25,0.9857115384615385,Home & Garden,-1.972,Daily
922,User_922,55,Male,Location_22,2023-01-03,0.9967304730473048,Electronics,0.4056,Monthly
923,User_923,55,Female,Location_23,2023-04-21,0.9963217821782179,Electronics,0.009333333333333341,Weekly
924,User_924,67,Male,Location_24,2023-10-13,0.9962427307206069,Food,0.4056,Daily
925,User_925,49,Male,Location_25,2023-07-22,0.9962756892230576,Home & Garden,0.4056,Daily
926,User_926,50,Male,Location_26,2023-11-10,0.996675615212528,Food,0.257,Weekly
927,User_927,66,Female,Location_27,2023-10-13,0.991284457478006,Electronics,0.4056,Weekly
928,User_928,34,Male,Location_28,2023-06-27,0.9892707581227438,Electronics,-0.486,Monthly
929,User_929,50,Female,Location_29,2023-09-24,0.9954625954198474,Food,0.009333333333333341,Daily
930,User_930,28,Male,Location_30,2023-08-27,0.9966606741573034,Clothing,-1.972,Weekly
931,User_931,30,Female,Location_31,2023-07-31,0.9955375375375376,Books,-0.486,Daily
932,User_932,47,Female,Location_32,2023-11-11,0.9936900212314226,Food,-1.972,Daily
933,User_933,18,Female,Location_33,2023-01-31,0.9851399999999999,Clothing,0.257,Daily
934,User_934,47,Female,Location_34,2023-03-24,0.9926069651741294,Home & Garden,0.4056,Weekly
935,User_935,44,Female,Location_35,2023-08-22,0.9196756756756757,Electronics,0.257,Monthly
936,User_936,57,Male,Location_36,2023-01-08,0.9967412280701755,Electronics,-1.972,Daily
937,User_937,40,Male,Location_37,2023-06-02,0.9920534759358289,Food,0.4056,Weekly
938,User_938,37,Female,Location_38,2023-09-20,0.9961302083333333,Home & Garden,0.4056,Daily
939,User_939,23,Female,Location_39,2023-05-05,0.9947304964539008,Food,0.257,Monthly
940,User_940,54,Female,Location_40,2023-03-28,0.9954556574923548,Books,-1.972,Daily
941,User_941,37,Male,Location_41,2023-01-03,0.9960635761589405,Food,0.009333333333333341,Monthly
942,User_942,54,Female,Location_42,2023-09-16,0.9927334963325184,Electronics,0.257,Weekly
943,User_943,23,Male,Location_43,2023-12-10,0.9969233954451346,Electronics,-0.486,Weekly
944,User_944,46,Female,Location_44,2023-01-18,0.9924568527918782,Clothing,-0.486,Weekly
945,User_945,30,Male,Location_45,2023-11-19,0.9832090395480225,Books,-0.486,Daily
946,User_946,44,Female,Location_46,2023-12-26,0.9946833631484795,Clothing,-1.972,Monthly
947,User_947,67,Male,Location_47,2023-06-10,0.9943712121212122,Books,-0.486,Daily
948,User_948,37,Male,Location_48,2023-08-09,0.9961150326797386,Electronics,-0.486,Monthly
949,User_949,30,Female,Location_49,2023-08-29,0.9951674796747968,Food,0.4056,Weekly
950,User_950,56,Female,Location_50,2023-04-02,0.996444976076555,Electronics,0.4056,Daily
951,User_951,25,Female,Location_51,2023-05-06,0.9966569178852643,Clothing,0.4056,Weekly
952,User_952,70,Female,Location_52,2023-08-24,0.9968077336197637,Clothing,-1.972,Weekly
953,User_953,34,Male,Location_53,2023-12-05,0.9950301003344482,Food,-0.486,Monthly
954,User_954,47,Male,Location_54,2023-05-11,0.9598378378378379,Home & Garden,0.257,Monthly
955,User_955,18,Male,Location_55,2023-06-08,0.9969297520661157,Electronics,-0.486,Monthly
956,User_956,41,Male,Location_56,2023-11-11,0.9968977035490606,Clothing,0.4056,Daily
957,User_957,33,Male,Location_57,2023-05-31,0.9504666666666667,Home & Garden,-0.486,Weekly
958,User_958,28,Male,Location_58,2023-02-16,0.9841069518716578,Home & Garden,0.4056,Daily
959,User_959,21,Female,Location_59,2023-07-27,0.992957345971564,Electronics,-0.486,Monthly
960,User_960,21,Male,Location_60,2023-12-19,0.9969580348004095,Clothing,-1.972,Monthly
961,User_961,34,Male,Location_61,2023-01-18,0.993525054466231,Home & Garden,0.009333333333333341,Monthly
962,User_962,66,Male,Location_62,2023-05-04,0.9952825396825398,Clothing,0.009333333333333341,Weekly
963,User_963,27,Female,Location_63,2023-07-11,0.9960997375328084,Home & Garden,-0.486,Weekly
964,User_964,38,Male,Location_64,2023-07-12,0.9504666666666667,Electronics,0.257,Monthly
965,User_965,70,Female,Location_65,2023-09-26,0.9925885286783043,Electronics,-0.486,Weekly
966,User_966,55,Male,Location_66,2023-04-16,0.9963034825870647,Clothing,-0.486,Weekly
967,User_967,66,Male,Location_67,2023-08-16,0.9956927536231884,Electronics,0.009333333333333341,Daily
968,User_968,35,Female,Location_68,2023-10-30,0.9909113149847095,Books,-0.486,Daily
969,User_969,27,Male,Location_69,2023-04-02,0.9957421203438396,Electronics,-0.486,Monthly
970,User_970,62,Male,Location_70,2023-06-15,0.9941031746031747,Food,0.4056,Monthly
971,User_971,33,Female,Location_71,2023-09-04,0.981425,Electronics,-0.486,Weekly
972,User_972,56,Female,Location_72,2023-02-21,0.9962474747474748,Clothing,0.4056,Daily
973,User_973,32,Male,Location_73,2023-06-14,0.9909665653495441,Home & Garden,-1.972,Daily
974,User_974,51,Male,Location_74,2023-05-08,0.9939222903885481,Books,0.257,Monthly
975,User_975,22,Female,Location_75,2023-12-20,0.9965561993047509,Clothing,-0.486,Daily
976,User_976,34,Female,Location_76,2023-07-28,0.994822299651568,Clothing,0.4056,Weekly
977,User_977,54,Female,Location_77,2023-10-15,0.9925885286783043,Home & Garden,0.4056,Daily
978,User_978,25,Female,Location_78,2023-01-06,0.935391304347826,Home & Garden,-0.486,Daily
979,User_979,41,Male,Location_79,2023-10-16,0.9937299578059072,Food,0.009333333333333341,Monthly
980,User_980,45,Male,Location_80,2023-08-17,0.9958722222222223,Clothing,0.009333333333333341,Daily
981,User_981,64,Female,Location_81,2023-06-27,0.9878196721311475,Books,-0.486,Monthly
982,User_982,25,Male,Location_82,2023-10-17,0.9928212560386473,Food,-0.486,Monthly
983,User_983,40,Female,Location_83,2023-05-17,0.9946928571428572,Food,0.009333333333333341,Daily
984,User_984,52,Female,Location_84,2023-07-28,0.992532663316583,Books,-0.486,Monthly
985,User_985,48,Male,Location_85,2023-09-14,0.9807012987012986,Home & Garden,-0.486,Weekly
986,User_986,34,Female,Location_86,2023-10-18,0.9960267379679144,Home & Garden,0.009333333333333341,Monthly
987,User_987,45,Female,Location_87,2023-02-20,0.9754380165289257,Clothing,0.4056,Monthly
988,User_988,65,Male,Location_88,2023-08-11,0.984680412371134,Food,-1.972,Daily
989,User_989,65,Male,Location_89,2023-07-25,0.9886130268199235,Books,-0.486,Daily
990,User_990,68,Female,Location_90,2023-04-22,0.9966569178852643,Books,0.009333333333333341,Monthly
991,User_991,29,Male,Location_91,2023-06-07,0.9962474747474748,Books,-0.486,Monthly
992,User_992,41,Male,Location_92,2023-09-15,0.9960531208499336,Food,-0.486,Monthly
993,User_993,32,Male,Location_93,2023-09-09,0.9783065693430656,Electronics,0.4056,Weekly
994,User_994,57,Male,Location_94,2023-12-21,0.8811199999999999,Electronics,-1.972,Daily
995,User_995,48,Male,Location_95,2023-04-05,0.9938340248962656,Clothing,-0.486,Weekly
996,User_996,44,Male,Location_96,2023-03-26,0.9955240963855422,Food,-1.972,Daily
997,User_997,52,Female,Location_97,2023-03-30,0.9967554585152839,Food,0.009333333333333341,Daily
998,User_998,35,Male,Location_98,2023-08-04,0.9961302083333333,Electronics,0.009333333333333341,Weekly
999,User_999,53,Female,Location_99,2023-04-26,0.9889925925925926,Home & Garden,0.257,Weekly
1000,User_1000,25,Female,Location_0,2023-01-19,0.9950957095709572,Electronics,0.4056,Daily
